job_id,company_name,job_title,minimum_salary,maximum_salary,job_address,job_description,company_website,for_more_info
1886589,RST.ua,"Account Manager (—Ä–µ–∫–ª–∞–º–∞, –∞–≤—Ç–æ–±–∏–∑–Ω–µ—Å)",no_info,21000,"–ö–∏–µ–≤, –≤—É–ª–∏—Ü—è –°–∏—Ä–µ—Ü—å–∫–∞, 9.","–ü–æ–¥–æ–ª—å—Å–∫–∏–π —Ä–∞–π–æ–Ω, –ö—É—Ä–µ–Ω–µ–≤–∫–∞. –û—Ñ–∏—Å–Ω–∞—è —Ä–∞–±–æ—Ç–∞.–ö–æ—Ä–æ—Ç–∫–æ –æ –≤–∞–∫–∞–Ω—Å–∏–∏:–í–µ–¥–µ–Ω–∏–µ...",http://rst.ua,https://www.work.ua/ru/jobs/1886589/
4507033,Favbet,Middle Accountant (Non-residents),no_info,no_info,–ö–∏–µ–≤,"FAVBET ‚Äî —Ü–µ Entertainment Tech –∫–æ–º–ø–∞–Ω—ñ—è, —Å—Ç–≤–æ—Ä–µ–Ω–∞ –≤ 1999 —Ä–æ—Ü—ñ. –ú–∏ –ø—Ä–∞—Ü...",http://favbet.com,https://www.work.ua/ru/jobs/4507033/
4637392,"–ö–æ—Ç–∞–ø—Å—å–∫–∞, –§–û–ü",–®–≤–∞—á–∫–∞-–ø—Ä–∏–∫—Ä–∞—à–∞–ª—å–Ω–∏—Ü—è –≤–µ—Å—ñ–ª—å–Ω–∏—Ö —Å—É–∫–æ–Ω—å,18000,30000,"–ß–µ—Ä–Ω–æ–≤—Ü—ã, 1 –ü—Ä–∏–º—ñ—Å—å–∫–∞, 3.",–ö–æ–º–ø–∞–Ω—ñ—è ¬´IRYNA KOTAPSKA¬ª http://www.kotapska.com/–ó –º–æ–º–µ–Ω—Ç—É —Å—Ç–≤–æ—Ä–µ–Ω–Ω—è ...,http://www.kotapska.com,https://www.work.ua/ru/jobs/4637392/
4639699,BeerMarket,–ü—Ä–æ–¥–∞–≤–µ—Ü—å-–∫–æ–Ω—Å—É–ª—å—Ç–∞–Ω—Ç,11000,15000,"–ë–æ—è—Ä–∫–∞, –≤—É–ª–∏—Ü—è –ë–æ—è—Ä—Å—å–∫–∞.","–ú–∏ ‚Äî BeerMarket ‚Äî –Ω–∞—Ü—ñ–æ–Ω–∞–ª—å–Ω–∞ –º–µ—Ä–µ–∂–∞ –º–∞–≥–∞–∑–∏–Ω—ñ–≤ —Ä–æ–∑–ª–∏–≤–Ω–∏—Ö –Ω–∞–ø–æ—ó–≤, –ø—Ä–∞—Ü—é...",http://beer-market.com.ua,https://www.work.ua/ru/jobs/4639699/
4694906,"–ö–æ—Ç–∞–ø—Å—å–∫–∞, –§–û–ü",–ú–∞—Ä–∫–µ—Ç–æ–ª–æ–≥,no_info,no_info,"–ß–µ—Ä–Ω–æ–≤—Ü—ã, 3 –ü—Ä–∏–º—ñ—Å—å–∫–∞.",–ö–æ–º–ø–∞–Ω–∏—è ¬´IRYNA KOTAPSKA¬ª http://www.kotapska.com/ –° –º–æ–º–µ–Ω—Ç–∞ —Å–æ–∑–¥–∞–Ω–∏—è ...,http://www.kotapska.com,https://www.work.ua/ru/jobs/4694906/
4695026,Work.ua,–ó–∞–≤–≥–æ—Å–ø,no_info,15000,"–î–Ω–µ–ø—Ä, –ø–ª–æ—â–∞ –ì–µ—Ä–æ—ó–≤ –ú–∞–π–¥–∞–Ω—É, 1.",–£ Work.ua (https://www.work.ua/careers/) –∑‚Äô—è–≤–∏–ª–∞—Å—è –≤–∞–∫–∞–Ω—Å—ñ—è –∑–∞–≤—ñ–¥—É—é—á–æ–≥...,http://www.work.ua/ru/careers/,https://www.work.ua/ru/jobs/4695026/
4695604,–°—Ç—É–¥—ñ–æ –ú–æ–¥–µ—Ä–Ω–∞,"–ú–µ–Ω–µ–¥–∂–µ—Ä –∑ –ø—Ä–æ–¥–∞–∂—É —Ç–æ–≤–∞—Ä—ñ–≤ (Dormeo, Deli...",5000,25000,–ö—Ä–∏–≤–æ–π –†–æ–≥,–í—Ç–æ–º–∏–ª–∏—Å—è —ó–∑–¥–∏—Ç–∏ –Ω–∞ —Ä–æ–±–æ—Ç—É —ñ –≤—Ç—Ä–∞—á–∞—Ç–∏ –¥–æ—Ä–æ–≥–æ—Ü—ñ–Ω–Ω–∏–π —á–∞—Å —É —Ç—Ä–∞–Ω—Å–ø–æ—Ä—Ç—ñ? –¶...,http://www.studio-moderna.com,https://www.work.ua/ru/jobs/4695604/
4081297,–ê–ª—å—è–Ω—Å –ë—É–¥—ñ–≤–µ–ª—å–Ω–∏–∫—ñ–≤ –£–∫—Ä–∞—ó–Ω–∏,–†—É–∫–æ–≤–æ–¥–∏—Ç–µ–ª—å –æ—Ç–¥–µ–ª–∞ –ø—Ä–æ–¥–∞–∂,30000,80000,"–ö–∏–µ–≤, –≤—É–ª–∏—Ü—è –ù–∞–±–µ—Ä–µ–∂–Ω–æ-–•—Ä–µ—â–∞—Ç–∏—Ü—å–∫–∞, 11.","–ö–æ–º–ø–∞–Ω–∏—è ¬´–ê–ª—å—è–Ω—Å –°—Ç—Ä–æ–∏—Ç–µ–ª–µ–π –£–∫—Ä–∞–∏–Ω—ã¬ª, –∫–æ—Ç–æ—Ä–∞—è —É—Å–ø–µ—à–Ω–æ —Ä–∞–±–æ—Ç–∞–µ—Ç –Ω–∞ —Å—Ç—Ä–æ...",http://www.aby.kiev.ua,https://www.work.ua/ru/jobs/4081297/
4468895,Edinstvo Group,–§—ñ–Ω–∞–Ω—Å–æ–≤–∏–π –∞–Ω–∞–ª—ñ—Ç–∏–∫,no_info,no_info,–ü–æ–ª—Ç–∞–≤–∞,EDINSTVO GROUP ‚Äî –æ–¥–∏–Ω –∑ –Ω–∞–π–±—ñ–ª—å—à–∏—Ö —É–∫—Ä–∞—ó–Ω—Å—å–∫–∏—Ö –≤–µ—Ä—Ç–∏–∫–∞–ª—å–Ω–æ —ñ–Ω—Ç–µ–≥—Ä–æ–≤–∞–Ω–∏...,http://inter-edinstvo.com/ru,https://www.work.ua/ru/jobs/4468895/
4695592,Migronis,–Æ—Ä–∏—Å—Ç —É –≤—ñ–¥–¥—ñ–ª –ø—Ä–æ—Ü–µ—Å–∏–Ω–≥—É,no_info,no_info,–ö–∏–µ–≤,–ú—ñ–≥—Ä–æ–Ω—ñ—Å ‚Äî –∫–æ–º–ø–∞–Ω—ñ—è –∑ –≥–æ–ª–æ–≤–Ω–∏–º –æ—Ñ—ñ—Å–æ–º –≤ –õ—ñ—Å–∞–±–æ–Ω—ñ –≤ –≥–∞–ª—É–∑—ñ —ñ–Ω–≤–µ—Å—Ç–∏—Ü—ñ–π–Ω–æ...,http://migronis.com/,https://www.work.ua/ru/jobs/4695592/
4695590,–°—Ç—É–¥—ñ–æ –ú–æ–¥–µ—Ä–Ω–∞,–ú–µ–Ω–µ–¥–∂–µ—Ä –∑ –ø—Ä–æ–¥–∞–∂—É —Ç–æ–≤–∞—Ä—ñ–≤ —É call-—Ü–µ–Ω—Ç—Ä ...,7200,62145,"–ü–æ–ª—Ç–∞–≤–∞, –≤—É–ª–∏—Ü—è –ú–∏—Ä—É, 3.","–ö–æ–º–ø–∞–Ω—ñ—è –¢–û–í ¬´–°—Ç—É–¥—ñ–æ –ú–æ–¥–µ—Ä–Ω–∞¬ª –≤–ª–∞—Å–Ω–∏–∫ –±—Ä–µ–Ω–¥—ñ–≤: Dormeo, Delimano, Walkm...",http://www.studio-moderna.com,https://www.work.ua/ru/jobs/4695590/
4512287,–ö–æ–Ω–¥–∏—Ç–µ—Ä—Å—å–∫–∞ –ö–æ—Ä–ø–æ—Ä–∞—Ü—ñ—è ROSHEN,–û–ø–µ—Ä–∞—Ç–æ—Ä –≤–∏—Ä–æ–±–Ω–∏—á–æ—ó –ª—ñ–Ω—ñ—ó,no_info,30000,"–ë–æ—Ä–∏—Å–ø–æ–ª—å, –≤—É–ª–∏—Ü—è –ü—Ä–∏–≤–æ–∫–∑–∞–ª—å–Ω–∞, 82.",–ù–æ–≤–µ –ø—ñ–¥–ø—Ä–∏—î–º—Å—Ç–≤–æ –ë–æ—Ä–∏—Å–ø—ñ–ª—å—Å—å–∫–∏–π –∫—Ä–æ—Ö–º–∞–ª–µ-–ø–∞—Ç–æ–∫–æ–≤–∏–π –ö–æ–º–±—ñ–Ω–∞—Ç –æ–≥–æ–ª–æ—à—É—î ...,http://www.roshen.com,https://www.work.ua/ru/jobs/4512287/
4471644,Indikatum,–ü–æ–º–æ—â–Ω–∏–∫ —Ä—É–∫–æ–≤–æ–¥–∏—Ç–µ–ª—è,10000,20000,"–ö–∏–µ–≤, –•–∞—Ä–∫—ñ–≤—Å—å–∫–µ —à–æ—Å–µ, 175.",–ü—Ä–∏–≤–µ—Ç! –≠—Ç–æ–º—É –≥–æ—Ä–æ–¥—É –Ω—É–∂–µ–Ω –Ω–æ–≤—ã–π —Å—É–ø–µ—Ä-–≥–µ—Ä–æ–π)–ú—ã ‚Äî –º–µ–∂–¥—É–Ω–∞—Ä–æ–¥–Ω–∞—è –∫–æ–º–ø–∞–Ω...,http://indikatum.com.ua/#service,https://www.work.ua/ru/jobs/4471644/
3993820,Consumer and Business Research,–û–ø–µ—Ä–∞—Ç–æ—Ä call-—Ü–µ–Ω—Ç—Ä–∞,no_info,no_info,"–ö–∏–µ–≤, –±—É–ª—å–≤–∞—Ä –õ–µ—Å—ñ –£–∫—Ä–∞—ó–Ω–∫–∏, 34.",–ò—Å—Å–ª–µ–¥–æ–≤–∞—Ç–µ–ª—å—Å–∫–æ–µ –∞–≥–µ–Ω—Ç—Å—Ç–≤–æ CBR —Å–ø–µ—Ü–∏–∞–ª–∏–∑–∏—Ä—É–µ—Ç—Å—è –Ω–∞ –ø—Ä–æ–≤–µ–¥–µ–Ω–∏–∏ –∏—Å—Å–ª–µ–¥–æ...,http://cbr.com.ua,https://www.work.ua/ru/jobs/3993820/
4682654,ZIM Ukraine,Country Sales Manager,no_info,no_info,"–û–¥–µ—Å—Å–∞, Zhukovs'koho Street, 9.",Tasks And Duties:General control of sales and commercial excellence pr...,http://www.zim.com/,https://www.work.ua/ru/jobs/4682654/
4695535,"–ü–æ–ª—ñ—Å–∞–Ω, –≤–∏—Ä–æ–±–Ω–∏—á–µ –ø—ñ–¥–ø—Ä–∏—î–º—Å—Ç–≤–æ, –¢–û–í",–ê–ø–∞—Ä–∞—Ç–Ω–∏–∫ –ø—ñ–¥–≥–æ—Ç–æ–≤–∫–∏ —Å–∏—Ä–æ–≤–∏–Ω–∏ —Ç–∞ –≤—ñ–¥–ø—É—Å–∫...,no_info,no_info,"–°—É–º—ã, –≤—É–ª–∏—Ü—è –Ü–≤–∞–Ω–∞ –ü—ñ–¥–¥—É–±–Ω–æ–≥–æ, 25.",–í–∏—Ä–æ–±–Ω–∏—á–µ –ø—ñ–¥–ø—Ä–∏—î–º—Å—Ç–≤–æ –ª–∞–∫–æ—Ñ–∞—Ä–±–æ–≤–∏–π –∑–∞–≤–æ–¥ ¬´–ü–û–õ–Ü–°–ê–ù¬ª –∑–∞–ø—Ä–æ—à—É—î –Ω–∞ —Ä–æ–±–æ—Ç—É...,http://www.farbex.ua,https://www.work.ua/ru/jobs/4695535/
4687058,Premium Staff,Technical specialist,25000,30000,–ö–∏–µ–≤,–ù–∞–º –Ω—É–∂–µ–Ω –¢–µ—Ö–Ω–∏—á–µ—Å–∫–∏–π —Å–ø–µ—Ü–∏–∞–ª–∏—Å—Ç–ß—Ç–æ —Ç—ã –¥–æ–ª–∂–µ–Ω –∑–Ω–∞—Ç—å –∏ —É–º–µ—Ç—å:–£–º–µ–Ω–∏–µ –∏–Ω—Ç...,no_info,https://www.work.ua/ru/jobs/4687058/
3519686,Valion Real Estate Group,"–ú–µ–Ω–µ–¥–∂–µ—Ä –æ—Ç–¥–µ–ª–∞ –ø—Ä–æ–¥–∞–∂ –∫–≤–∞—Ä—Ç–∏—Ä, —Ä–∏–µ–ª—Ç–æ—Ä",25000,50000,"–ö–∏–µ–≤, –≤—É–ª–∏—Ü—è –í–æ–ª–æ–¥–∏–º–∏—Ä—Å—å–∫–∞, 52.","–ù–µ —á–∏—Ç–∞–π—Ç–µ –¥–∞–ª—å—à–µ, –µ—Å–ª–∏ –≤—ã –ø–æ–ª–Ω–æ—Å—Ç—å—é –¥–æ–≤–æ–ª—å–Ω—ã —Å–≤–æ–µ–π —Ä–∞–±–æ—Ç–æ–π, –∑–∞—Ä–ø–ª–∞—Ç–æ–π...",http://www.valion.ua,https://www.work.ua/ru/jobs/3519686/
4596549,Kasta,–ö–æ–º—ñ—Ä–Ω–∏–∫,15000,18000,"–ë—Ä–æ–≤–∞—Ä—ã, –≤—É–ª–∏—Ü—è –û–ª–µ–≥–∞ –û–Ω—ñ–∫—ñ—î–Ω–∫–∞, 134.","–û–ø–∏—Å–∞–Ω–∏–µ –≤–∞–∫–∞–Ω—Å–∏–∏Kasta ‚Äî –Ω–∞–π–±—ñ–ª—å—à–∏–π –º–æ–¥–Ω–∏–π –º–∞—Ä–∫–µ—Ç–ø–ª–µ–π—Å –æ–¥—è–≥—É, –≤–∑—É—Ç—Ç—è —Ç...",http://job.kasta.ua,https://www.work.ua/ru/jobs/4596549/
2325414,–ú–µ—Ç—Å–µ–π–ª –î.–ï.,–°–≤–∞—Ä—â–∏–∫ –Ω–∞ –ø–æ–ª—É–∞–≤—Ç–æ–º–∞—Ç,no_info,20000,"–ö–∏–µ–≤, –≤—É–ª–∏—Ü—è –ê–≤—Ç–æ–∑–∞–≤–æ–¥—Å—å–∫–∞, 18.","–¢—Ä–µ–±–æ–≤–∞–Ω–∏—è: –û–ø—ã—Ç —Ä–∞–±–æ—Ç—ã —Å –º–µ—Ç–∞–ª–ª–æ–∫–æ–Ω—Å—Ç—Ä—É–∫—Ü–∏—è–º–∏. –û–±—è–∑–∞–Ω–Ω–æ—Å—Ç–∏: –°–≤–∞—Ä–∫–∞,—Å–±...",http://www.metsale.com.ua,https://www.work.ua/ru/jobs/2325414/
4213094,–ê–µ—Ä–∞—Å,–ú–µ–Ω–µ–¥–∂–µ—Ä –ø–æ –ø—Ä–æ–¥–∞–∂–∞–º (B2B),33000,46000,"–ö–∏–µ–≤, –≤—É–ª–∏—Ü—è –®–æ–ª—É–¥–µ–Ω–∫–∞, 5/25.",–í–Ω–∏–º–∞–Ω–∏–µ! –ö–æ–Ω–∫—É—Ä—Å –Ω–∞ –≤–∞–∫–∞–Ω—Å–∏—é –æ—Ç–∫—Ä—ã—Ç –¥–æ 22–¥–µ–∫–∞–±—Ä—è.AERAS –∫–∞–∫ –∏–º–ø–æ—Ä—Ç–µ—Ä –∫...,http://www.aeras.com.ua,https://www.work.ua/ru/jobs/4213094/
3327823,"–†–æ–¥–µ—Ä, –¢–û–í","–í–æ–¥—ñ–π –Ω–∞ ""–ú–ê–ó-5561"" (—Å–∞–º–æ—Å–∫–∏–¥)",no_info,17000,–õ—å–≤–æ–≤,"–¢—Ä–µ–±–æ–≤–∞–Ω–∏—è:–°—Ç–∞–∂ —Ä–æ–±–æ—Ç–∏ –Ω–µ –º–µ–Ω—à–µ 5 —Ä–æ–∫—ñ–≤, –Ω–∞—è–≤–Ω—ñ—Å—Ç—å –≤—ñ–¥–ø–æ–≤—ñ–¥–Ω–æ—ó –∫–∞—Ç–µ–≥–æ—Ä...",no_info,https://www.work.ua/ru/jobs/3327823/
4695478,"–ì—Ä–∞–Ω–¥, –Ω–∞–≤—á–∞–ª—å–Ω–∏–π —Ü–µ–Ω—Ç—Ä, –ü–ü",–í–∏–∫–ª–∞–¥–∞—á –Ü–¢-–Ω–∞–≤—á–∞–Ω–Ω—è,12000,18000,–õ—å–≤–æ–≤,"–ü–æ—Ç—Ä—ñ–±–µ–Ω –º–æ–ª–æ–¥–∏–π —á–æ–ª–æ–≤—ñ–∫, –≥–æ—Ç–æ–≤–∏–π –ø—Ä–æ–≤–æ–¥–∏—Ç–∏ –Ü–¢ –Ω–∞–≤—á–∞–Ω–Ω—è –∑–∞ –≥–æ—Ç–æ–≤–æ—é —Ä–æ–∑...",http://itosvita.com,https://www.work.ua/ru/jobs/4695478/
4346894,"–ì—Ä–∞–Ω–¥, –Ω–∞–≤—á–∞–ª—å–Ω–∏–π —Ü–µ–Ω—Ç—Ä, –ü–ü",–í–∏–∫–ª–∞–¥–∞—á –Ü–¢-–Ω–∞–≤—á–∞–Ω–Ω—è,14000,20000,–ö–∏–µ–≤,"–ü–æ—Ç—Ä—ñ–±–µ–Ω –º–æ–ª–æ–¥–∏–π —á–æ–ª–æ–≤—ñ–∫, –≥–æ—Ç–æ–≤–∏–π –ø—Ä–æ–≤–æ–¥–∏—Ç–∏ –Ü–¢ –Ω–∞–≤—á–∞–Ω–Ω—è –∑–∞ –≥–æ—Ç–æ–≤–æ—é —Ä–æ–∑...",http://itosvita.com,https://www.work.ua/ru/jobs/4346894/
4695147,LeverX Group,Office manager,no_info,no_info,"–ö–∏–µ–≤, –≤—É–ª–∏—Ü—è –û–ª–µ–Ω–∏ –¢–µ–ª—ñ–≥–∏, 6.",–í–∏–º–æ–≥–∏: –ê–Ω–∞–ª–æ–≥—ñ—á–Ω–∏–π –¥–æ—Å–≤—ñ–¥ —Ä–æ–±–æ—Ç–∏ –≤—ñ–¥ 1-–≥–æ —Ä–æ–∫—É;–í–∏—Å–æ–∫–∏–π —Ä—ñ–≤–µ–Ω—å –∫–æ–º—É–Ω—ñ–∫...,http://www.ukraine.leverx-group.com/,https://www.work.ua/ru/jobs/4695147/
4695391,"Pesto Family, —Å–µ—Ç—å —Ä–µ—Å—Ç–æ—Ä–∞–Ω–æ–≤","–ë—Ä–µ–Ω–¥-–º–µ–Ω–µ–¥–∂–µ—Ä, –º–∞—Ä–∫–µ—Ç–æ–ª–æ–≥",no_info,25000,–ö–∏–µ–≤,–°–µ—Ç—å —Ä–µ—Å—Ç–æ—Ä–∞–Ω–æ–≤ Pesto Family –ø—Ä–∏–≥–ª–∞—à–∞–µ—Ç –≤ —Å–≤–æ—é –∫–æ–º–∞–Ω–¥—É–¢—Ä–µ–±–æ–≤–∞–Ω–∏—è:1. –†–∞...,http://www.pestocafe.ua,https://www.work.ua/ru/jobs/4695391/
4659430,–¢–µ—Ä–∏—Ç–æ—Ä—ñ—è min,–ü—Ä–æ–¥–∞–≤–µ—Ü—å-–∫–æ–Ω—Å—É–ª—å—Ç–∞–Ω—Ç (—Å—Ç. –º. –ü–æ—á–∞–π–Ω–∞),14000,17000,"–ö–∏–µ–≤, –ø—Ä–æ—Å–ø–µ–∫—Ç –°—Ç–µ–ø–∞–Ω–∞ –ë–∞–Ω–¥–µ—Ä–∏, 16–¥.","–ö–æ–º–ø–∞–Ω—ñ—è ¬´–¢–µ—Ä–∏—Ç–æ—Ä—ñ—è min¬ª ‚Äî —Ü–µ –º–µ—Ä–µ–∂–∞ –º–∞–≥–∞–∑–∏–Ω—ñ–≤ –æ–¥—è–≥—É, –≤–∑—É—Ç—Ç—è —Ç–∞ –∞–∫—Å–µ—Å—É...",http://termincin.com,https://www.work.ua/ru/jobs/4659430/
3225463,"Blue cup, –∫–∞–≤'—è—Ä–Ω—è",–°—Ç–∞—Ä—à–∏–π –±–∞—Ä–∏—Å—Ç–∞ (The blue cup coffee sho...,no_info,no_info,"–ö–∏–µ–≤, –≤—É–ª–∏—Ü—è –ü—É—à–∫—ñ–Ω—Å—å–∫–∞, 5.",Blue cup coffee —à—É–∫–∞—î –≤ —Å—ñ–º'—é —Å—Ç–∞—Ä—à–æ–≥–æ –±–∞—Ä–∏—Å—Ç–∞ üíô–Ø–∫–∏–º –º–∏ –±–∞—á–∏–º–æ —Ç–µ–±–µ:–ø—Ä...,no_info,https://www.work.ua/ru/jobs/3225463/
3569307,–°—Ñ–µ—Ä–∞ –ö–æ–º—Ñ–æ—Ä—Ç–∞,–°–º–µ—Ç—á–∏–∫,20000,25000,–ö–∏–µ–≤,"–°—Ñ–µ—Ä–∞ –ö–æ–º—Ñ–æ—Ä—Ç–∞ –û–ø—Ç–æ–≤–∞—è —Ç–æ—Ä–≥–æ–≤–ª—è, –¥–∏—Å—Ç—Ä–∏–±—É—Ü–∏—è, –∏–º–ø–æ—Ä—Ç, —ç–∫—Å–ø–æ—Ä—Ç; –º–µ–Ω—å—à–µ ...",http://www.sferacomforta.com.ua,https://www.work.ua/ru/jobs/3569307/
3204350,Sigma Logistics,–ú–µ–Ω–µ–¥–∂–µ—Ä –ø–æ –ø—Ä–æ–¥–∞–∂–∞–º,10000,40000,"–û–¥–µ—Å—Å–∞, –ø—Ä–æ—Å–ø–µ–∫—Ç –®–µ–≤—á–µ–Ω–∫–∞.",–ö–æ–º–ø–∞–Ω–∏—è Sigma Logistics –±–æ–ª–µ–µ 15 –ª–µ—Ç –ø—Ä–µ–¥—Å—Ç–∞–≤–ª–µ–Ω–∞ –Ω–∞ —Ä—ã–Ω–∫–µ –≤ —Å—Ñ–µ—Ä–µ –ª–æ...,http://sigma-logistics.com.ua/,https://www.work.ua/ru/jobs/3204350/
2792470,Sigma Logistics,–ú–µ–Ω–µ–¥–∂–µ—Ä –ø–æ –ø—Ä–æ–¥–∞–∂–∞–º,15000,40000,–ö–∏–µ–≤,–ö–æ–º–ø–∞–Ω–∏—è Sigma Logistics –±–æ–ª–µ–µ 15 –ª–µ—Ç –ø—Ä–µ–¥—Å—Ç–∞–≤–ª–µ–Ω–∞ –Ω–∞ —Ä—ã–Ω–∫–µ –≤ —Å—Ñ–µ—Ä–µ –ª–æ...,http://sigma-logistics.com.ua/,https://www.work.ua/ru/jobs/2792470/
2296838,"–ü–∞—Ä–∏—Ç–µ—Ç-–°–º—ñ–∫, –¢–û–í",–ö–∞—Å–∏—Ä,8000,10000,–ö–∏–µ–≤,"–î–∏—Ç—è—á–∏–π —É–Ω—ñ–≤–µ—Ä–º–∞–≥ ¬´–°–ú–Ü–ö¬ª —à—É–∫–∞—î —ñ–Ω—ñ—Ü—ñ–∞—Ç–∏–≤–Ω–∏—Ö, —Ü—ñ–ª–µ—Å–ø—Ä—è–º–æ–≤–∞–Ω–∏—Ö –ª—é–¥–µ–π, –∫–æ...",http://smyk.ua,https://www.work.ua/ru/jobs/2296838/
4498386,"–ú–°–õ, –¢–û–í",C++ QT Middle Developer,no_info,no_info,–ö–∏–µ–≤,–¢—Ä–µ–±–æ–≤–∞–Ω–∏—è:–û–ø—ã—Ç —Ä–∞–∑—Ä–∞–±–æ—Ç–∫–∏ –Ω–∞ –°/C++ –Ω–∞ QT –¥–ª—è Linux –Ω–µ –º–µ–Ω–µ–µ 4 –ª–µ—Ç. –ù–µ...,no_info,https://www.work.ua/ru/jobs/4498386/
4689704,–î–∏–ª–µ–∫—Å –¢—Ä–µ–π–¥,"–ë—É—Ö–≥–∞–ª—Ç–µ—Ä, –ø–æ–º–æ—â–Ω–∏–∫ –±—É—Ö–≥–∞–ª—Ç–µ—Ä–∞",14000,18000,"–ö–∏–µ–≤, –≤—É–ª–∏—Ü—è –Ü–æ–∞–Ω–Ω–∞ –ü–∞–≤–ª–∞ II, 4/6.",–ë—É—Ö–≥–∞–ª—Ç–µ—Ä (–ø–æ–º–æ—â–Ω–∏–∫ –±—É—Ö–≥–∞–ª—Ç–µ—Ä–∞)–û–ø–∏—Å–∞–Ω–∏–µ –≤–∞–∫–∞–Ω—Å–∏–∏:–∫–æ–º–ø–∞–Ω–∏–∏ –Ω–∞ –ø–æ—Å—Ç–æ—è–Ω–Ω—É...,http://www.dilex.com.ua,https://www.work.ua/ru/jobs/4689704/
4428791,"–†–µ—Å—É—Ä—Å–≥—Ä—É–ø, –§–ü–ö, –¢–û–í",–ú–µ–Ω–µ–¥–∂–µ—Ä –ø–æ –∑–∞–∫—É–ø–∫–∞–º (–º–µ—Ç–∞–ª–ª–æ–ø—Ä–æ–∫–∞—Ç),20000,50000,"–ö–∏–µ–≤, –≤—É–ª–∏—Ü—è –ë–∞—Å–µ–π–Ω–∞, 1/2–ê.",–ö–æ–º–ø–∞–Ω–∏—è RESOURCEGROUP —è–≤–ª—è–µ—Ç—Å—è –æ–¥–Ω–∏–º –∏–∑ —Å—Ç–∞–±–∏–ª—å–Ω—ã—Ö –∏ –¥–∏–Ω–∞–º–∏—á–Ω–æ —Ä–∞–∑–≤–∏–≤...,http://www.resourcegroup.com.ua/ru/,https://www.work.ua/ru/jobs/4428791/
4695320,"BDO, LLC",–ê–¥–º—ñ–Ω—ñ—Å—Ç—Ä–∞—Ç–æ—Ä,no_info,no_info,"–ö–∏–µ–≤, –•–∞—Ä–∫—ñ–≤—Å—å–∫–µ —à–æ—Å–µ, 201/203.",–ú—ñ–∂–Ω–∞—Ä–æ–¥–Ω–∞ –º–µ—Ä–µ–∂–∞ BDO –±—É–ª–∞ –∑–∞—Å–Ω–æ–≤–∞–Ω–∞ –≤ 1963 —Ä–æ—Ü—ñ —à–ª—è—Ö–æ–º –æ–±'—î–¥–Ω–∞–Ω–Ω—è –∑—É—Å...,http://www.bdo.ua,https://www.work.ua/ru/jobs/4695320/
4487779,"–°—ñ–Ω–µ—Ä–¥–∂—ñ –°—ñ—Å—Ç–µ–º, –¢–û–í",–ú–µ—Ä—á–µ–Ω–¥–∞–π–∑–µ—Ä,11500,14000,–ö–∏–µ–≤,–ù–∞ –ø–æ—Å—Ç–æ—è–Ω–Ω–æ–µ –º–µ—Å—Ç–æ —Ä–∞–±–æ—Ç—ã —Ç—Ä–µ–±—É–µ—Ç—Å—è –º–µ—Ä—á–µ–Ω–¥–∞–π–∑–µ—Ä –¥–ª—è —Ä–∞–±–æ—Ç—ã –≤ —Å—É–ø–µ—Ä–º–∞...,http://www.synergysystem.info/,https://www.work.ua/ru/jobs/4487779/
3119013,Kid's Republic,"–ü—Ä–æ–¥–∞–≤–µ—Ü-–∫–æ–Ω—Å—É–ª—å—Ç–∞–Ω—Ç (–¢–†–¶ Art Mall, ""–ì—É–ª...",15000,18000,"–ö–∏–µ–≤, –°–ø–æ—Ä—Ç–∏–≤–Ω–∞ –ø–ª–æ—â–∞, 1.","–ï—Å–ª–∏ –í—ã –ª—é–±–∏—Ç–µ —Ä–∞–±–æ—Ç–∞—Ç—å –Ω–∞ —Ä–µ–∑—É–ª—å—Ç–∞—Ç, –æ—Ç–≤–µ—Ç—Å—Ç–≤–µ–Ω–Ω—ã, –ø–æ—Ä—è–¥–æ—á–Ω—ã, –∫–æ–º–º—É–Ω–∏...",http://kidsrepublic.ua,https://www.work.ua/ru/jobs/3119013/
4556356,Garant,–ö–∞—Å—Å–∏—Ä –ø—É–Ω–∫—Ç–∞ –æ–±–º–µ–Ω–∞ –≤–∞–ª—é—Ç,no_info,no_info,–ö–∏–µ–≤,"–ö–æ–º–ø–∞–Ω–∏—è ¬´–ì–∞—Ä–∞–Ω—Ç¬ª ‚Äî –∫—Ä—É–ø–Ω–∞—è —Å–µ—Ç—å –ø—É–Ω–∫—Ç–æ–≤ –æ–±–º–µ–Ω–∞ –≤–∞–ª—é—Ç, –∫–æ—Ç–æ—Ä–æ–π –≤ —ç—Ç–æ–º ...",no_info,https://www.work.ua/ru/jobs/4556356/
3492909,LiveMe Ukraine,"–ú–æ–¥–µ–ª—å –¥–ª—è –±–ª–æ–≥–≥–∏–Ω–≥–∞, —Å—Ç—Ä–∏–º–µ—Ä, –≤–µ–¥—É—â–∞—è —Ç...",no_info,40000,–õ—å–≤–æ–≤,–î–∏—Å—Ç–∞–Ω—Ü–∏–æ–Ω–Ω–∞—è —Ä–∞–±–æ—Ç–∞ –¥–ª—è –∞–∫—Ç–∏–≤–Ω—ã—Ö –∏ —Ö–∞—Ä–∏–∑–º–∞—Ç–∏—á–Ω—ã—Ö! –í—ã—Ö–æ–¥–∏—Ç–µ –≤ –ø—Ä—è–º–æ–π —ç...,no_info,https://www.work.ua/ru/jobs/3492909/
3705306,–§–æ–∫—Å—Ç—Ä–æ—Ç,–ü—Ä–æ–¥–∞–≤–µ—Ü—å-–∫–æ–Ω—Å—É–ª—å—Ç–∞–Ω—Ç –ø–æ–±—É—Ç–æ–≤–æ—ó —Ç–µ—Ö–Ω—ñ–∫–∏ ...,no_info,no_info,"–ö–∏–µ–≤, –≤—É–ª–∏—Ü—è –ë–µ—Ä–∫–æ–≤–µ—Ü—å–∫–∞, 6–î.",–§–æ–∫—Å—Ç—Ä–æ—Ç –≤–∂–µ 25 —Ä–æ–∫—ñ–≤ —î –æ–¥–Ω–∏–º —ñ–∑ –ª—ñ–¥–µ—Ä—ñ–≤ —É–∫—Ä–∞—ó–Ω—Å—å–∫–æ–≥–æ —Ä–∏–Ω–∫—É —Ä—ñ—Ç–µ–π–ª—É –ø–æ...,http://foxtrot.work,https://www.work.ua/ru/jobs/3705306/
3849081,–§–æ–∫—Å—Ç—Ä–æ—Ç,–ü—Ä–æ–¥–∞–≤–µ—Ü—å-–∫–æ–Ω—Å—É–ª—å—Ç–∞–Ω—Ç –ø–æ–±—É—Ç–æ–≤–æ—ó —Ç–µ—Ö–Ω—ñ–∫–∏ ...,no_info,15000,"–ë—É—á–∞, –ù–æ–≤–µ —à–æ—Å–µ, 52.","–£ –∑–≤‚Äô—è–∑–∫—É –∑ –≤—ñ–¥–∫—Ä–∏—Ç—Ç—è–º –Ω–æ–≤–æ–≥–æ –º–∞–≥–∞–∑–∏–Ω—É –§–æ–∫—Å—Ç—Ä–æ—Ç, –∑–∞–ø—Ä–æ—à—É—î–º–æ –Ω–∞ —Ä–æ–±–æ—Ç—É!...",http://foxtrot.work,https://www.work.ua/ru/jobs/3849081/
4277285,DriveMe,"–í–æ–¥–∏—Ç–µ–ª—å —Ç–∞–∫—Å–∏ –Ω–∞ –∞–≤—Ç–æ –∫–æ–º–ø–∞–Ω–∏–∏ (Bolt, U...",12000,22000,"–ü–æ–ª—Ç–∞–≤–∞, –ó–∞–≤–æ–¥—Å—å–∫–∞ –≤—É–ª–∏—Ü—è, 12.",DriveMe  ‚Äî –æ–¥–∏–Ω –∏–∑ —Å–∞–º—ã—Ö –∫—Ä—É–ø–Ω—ã—Ö –∞–≤—Ç–æ–ø–∞—Ä–∫–æ–≤ –≤ –£–∫—Ä–∞–∏–Ω–µ. –ú—ã –∑–∞–∏–Ω—Ç–µ—Ä–µ—Å–æ–≤–∞...,http://drive-me.com.ua/,https://www.work.ua/ru/jobs/4277285/
4218698,DriveMe,"–í–æ–¥–∏—Ç–µ–ª—å –Ω–∞ –∞–≤—Ç–æ –∫–æ–º–ø–∞–Ω–∏–∏ (Bolt, Uklon)",12000,20000,"–ó–∞–ø–æ—Ä–æ–∂—å–µ, –§–µ—Ä–æ—Å–ø–ª–∞–≤–Ω–∞ –≤—É–ª–∏—Ü—è, 38.",–í –¥–∏–Ω–∞–º–∏—á–Ω–æ —Ä–∞–∑–≤–∏–≤–∞—é—â—É—é –∫–æ–º–ø–∞–Ω–∏—é –ø—Ä–∏–≥–ª–∞—à–∞–µ–º –≤–æ–¥–∏—Ç–µ–ª–µ–π –¥–ª—è —Ä–∞–±–æ—Ç—ã –≤ —Ç–∞–∫...,http://drive-me.com.ua/,https://www.work.ua/ru/jobs/4218698/
4565832,DevPort,Lawyer,no_info,no_info,"–ö–∏–µ–≤, –≤—É–ª–∏—Ü—è –°—Ç–∞—Ä–æ–∫–∏—ó–≤—Å—å–∫–∞, 10–ì.",DevPort is a full-cycle IT company working on the step-by-step impleme...,http://devport.io/,https://www.work.ua/ru/jobs/4565832/
3538005,"SC adidas Ukraine, retail",–ë—É—Ö–≥–∞–ª—Ç–µ—Ä –Ω–∞ –¥—ñ–ª—è–Ω–∫—É —ñ–Ω—Ç–µ—Ä–Ω–µ—Ç-—Ç–æ—Ä–≥—ñ–≤–ª—ñ —Ç...,no_info,no_info,"–ö–∏–µ–≤, –≤—É–ª–∏—Ü—è –ì–∞—Ä–º–∞—Ç–Ω–∞, 4.",–ù–∞—à –§—ñ–Ω–∞–Ω—Å–æ–≤–∏–π –≤—ñ–¥–¥—ñ–ª (—É –∑–≤‚Äô—è–∑–∫—É –∑ —Ä–æ–∑—à–∏—Ä–µ–Ω–Ω—è–º) —à—É–∫–∞—î–ë—É—Ö–≥–∞–ª—Ç–µ—Ä–∞/–ë—É—Ö–≥–∞–ª...,http://vacancy.adidas.ua,https://www.work.ua/ru/jobs/3538005/
3832960,"–ì–ª–æ–±–∏–Ω–æ, –ì–ö",–ü—Ä–æ–≤—ñ–¥–Ω–∏–π –µ–∫–æ–Ω–æ–º—ñ—Å—Ç —É –ì–ª–æ–±–∏–Ω–µ,no_info,no_info,"–ì–ª–æ–±–∏–Ω–æ, –∏—â–µ–º –≤ –ö—Ä–µ–º–µ–Ω—á—É–≥–µ, –≤—É–ª–∏—Ü—è –í–æ–ª–æ–¥–∏–º–∏—Ä—ñ–≤—Å—å–∫–∞, 228.","–¢–ú –ì–ª–æ–±–∏–Ω–æ ‚Äî –ª—ñ–¥–µ—Ä –Ω–∞ —Ä–∏–Ω–∫—É –º‚Äô—è—Å–Ω–æ—ó –ø—Ä–æ–¥—É–∫—Ü—ñ—ó –£–∫—Ä–∞—ó–Ω–∏,–∑–∞–ø—Ä–æ—à—É—î –≤ —Å–≤–æ—é ...",http://www.globino.ua,https://www.work.ua/ru/jobs/3832960/
3791363,Rikky Hype,–£–ø–∞–∫–æ–≤—â–∏–∫ –Ω–∞ —Å–∫–ª–∞–¥ –æ–¥–µ–∂–¥—ã,11000,12000,"–ö–∏–µ–≤, –≤—É–ª–∏—Ü—è –ü–æ–ª—å–æ–≤–∞, 21.",–ò–Ω—Ç–µ—Ä–Ω–µ—Ç –º–∞–≥–∞–∑–∏–Ω –æ–¥–µ–∂–¥—ã –∏—â–µ—Ç –∂–µ–Ω—â–∏–Ω—É –¥–æ 45 –ª–µ—Ç –∫–ª–∞–¥–æ–≤—â–∏—Ü—É.(–°–∫–ª–∞–¥ –Ω–∞—Ö–æ–¥...,http://rikkyhypeofficial.com/,https://www.work.ua/ru/jobs/3791363/
4679925,–ê–ø—Ç–µ–∫–∞ –ê–ù–¶,–ú–µ–Ω–µ–¥–∂–µ—Ä —ñ–∑ –∑–∞–ª—É—á–µ–Ω–Ω—è –ø–µ—Ä—Å–æ–Ω–∞–ª—É,no_info,no_info,–ö–∏–µ–≤,"–õ—ñ–¥–µ—Ä –∞–ø—Ç–µ—á–Ω–æ–≥–æ —Ä–∏–Ω–∫—É, –º–µ—Ä–µ–∂–∞ ¬´–ê–ø—Ç–µ–∫–∞ –ê–ù–¶¬ª, –®–ê–† @, –ö–æ–ø—ñ–π–∫–∞, –ë–ª–∞–≥–æ–¥—ñ—è, ...",http://anc.ua/ru,https://www.work.ua/ru/jobs/4679925/
1839808,"–Ü–Ω–≥–æ, –º–µ–¥–∏—á–Ω–∏–π —Ü–µ–Ω—Ç—Ä (–ù–∞—à–∞ –†–æ–¥–∏–Ω–∞, –ú–¶, –¢–û–í)",–õ—ñ–∫–∞—Ä —É–ª—å—Ç—Ä–∞–∑–≤—É–∫–æ–≤–æ—ó –¥—ñ–∞–≥–Ω–æ—Å—Ç–∏–∫–∏,no_info,no_info,–ö–∏–µ–≤,–ú–µ–¥–∏—á–Ω–∏–π —Ü–µ–Ω—Ç—Ä –∑–∞–ø—Ä–æ—à—É—î –¥–æ —Å–ø—ñ–≤—Ä–æ–±—ñ—Ç–Ω–∏—Ü—Ç–≤–∞ –õ—ñ–∫–∞—Ä—è –∑ —É–ª—å—Ç—Ä–∞–∑–≤—É–∫–æ–≤–æ—ó –¥—ñ–∞...,no_info,https://www.work.ua/ru/jobs/1839808/
4695240,"–°—Ç–∞–ª–µ–∫—Å, –û–û–û",–§—Ä–µ–∑–µ—Ä–æ–≤—â–∏–∫ –ø–æ –º–µ—Ç–∞–ª–ª—É,10000,15000,–•–∞—Ä—å–∫–æ–≤,Staleks ‚Äî –∫—Ä—É–ø–Ω–µ–π—à–∏–π —É–∫—Ä–∞–∏–Ω—Å–∫–∏–π –ø—Ä–æ–∏–∑–≤–æ–¥–∏—Ç–µ–ª—å –≤—ã—Å–æ–∫–æ–∫–∞—á–µ—Å—Ç–≤–µ–Ω–Ω–æ–≥–æ –º–∞–Ω–∏...,http://staleks.com/,https://www.work.ua/ru/jobs/4695240/
4659209,–ê–ø—Ç–µ–∫–∞ –ê–ù–¶,–†–µ–∫—Ä—É—Ç–µ—Ä —Ä–µ–≥—ñ–æ–Ω—É (—Å—Ç. –º. –î–æ—Ä–æ–≥–æ–∂–∏—á—ñ),no_info,no_info,"–ö–∏–µ–≤, –≤—É–ª–∏—Ü—è –û–ª–µ–Ω–∏ –¢–µ–ª—ñ–≥–∏, 4.","–ü—Ä–∏–≤—ñ—Ç!–õ—ñ–¥–µ—Ä —Ä–∏–Ω–∫—É –£–∫—Ä–∞—ó–Ω–∏ ‚Äî –ù–∞—Ü—ñ–æ–Ω–∞–ª—å–Ω–∞ –º–µ—Ä–µ–∂–∞ –∞–ø—Ç–µ–∫ ¬´–ê–ù–¶¬ª, ¬´–®–ê–† @¬ª, ...",http://anc.ua/ru,https://www.work.ua/ru/jobs/4659209/
4542568,Brands Outlet,–ö–∞—Å–∏—Ä,15000,16000,"–ö–∏–µ–≤, –≤—É–ª–∏—Ü—è –ú–∞—Ä—à–∞–ª–∞ –¢–∏–º–æ—à–µ–Ω–∫–∞, 21–ö1.",–î–æ –¥—Ä—É–∂–Ω—å–æ—ó –∫–æ–º–∞–Ω–¥–∏ –≤—Å–µ—É–∫—Ä–∞—ó–Ω—Å—å–∫–æ—ó –º–µ—Ä–µ–∂—ñ –º–∞–≥–∞–∑–∏–Ω—ñ–≤ ¬´Brands Outlet¬ª—à—É–∫...,no_info,https://www.work.ua/ru/jobs/4542568/
4415556,Brands Outlet,"–ü—Ä–æ–¥–∞–≤–µ—Ü—å-–º–µ—Ä—á–µ–Ω–¥–∞–π–∑–µ—Ä (–¢–†–¶ Lavina, —Å—Ç. ...",15000,16000,"–ö–∏–µ–≤, –≤—É–ª–∏—Ü—è –ë–µ—Ä–∫–æ–≤–µ—Ü—å–∫–∞, 6–î.",–î–æ –¥—Ä—É–∂–Ω—å–æ—ó –∫–æ–º–∞–Ω–¥–∏ –≤—Å–µ—É–∫—Ä–∞—ó–Ω—Å—å–∫–æ—ó –º–µ—Ä–µ–∂—ñ –º–∞–≥–∞–∑–∏–Ω—ñ–≤ ¬´Brands Outlet¬ª—à—É–∫...,no_info,https://www.work.ua/ru/jobs/4415556/
4417664,Brands Outlet,"–ü—Ä–æ–¥–∞–≤–µ—Ü—å-–º–µ—Ä—á–µ–Ω–¥–∞–π–∑–µ—Ä (–¢–†–¶ Respublika, ...",15000,16000,"–ö–∏–µ–≤, –í–µ–ª–∏–∫–∞ –û–∫—Ä—É–∂–Ω–∞ –¥–æ—Ä–æ–≥–∞, 1.",–î–æ –¥—Ä—É–∂–Ω—å–æ—ó –∫–æ–º–∞–Ω–¥–∏ –≤—Å–µ—É–∫—Ä–∞—ó–Ω—Å—å–∫–æ—ó –º–µ—Ä–µ–∂—ñ –º–∞–≥–∞–∑–∏–Ω—ñ–≤ ¬´Brands Outlet¬ª—à—É–∫...,no_info,https://www.work.ua/ru/jobs/4417664/
3023274,Celebrity,–ü–µ—Ä–µ–≤–æ–¥—á–∏–∫ –∞–Ω–≥–ª–∏–π—Å–∫–æ–≥–æ —è–∑—ã–∫–∞ –≤ –±—Ä–∞—á–Ω–æ–µ –∞...,15000,28000,"–û–¥–µ—Å—Å–∞, –≤—É–ª–∏—Ü—è –£—Å–ø–µ–Ω—Å—å–∫–∞, 39/1.",–ú—ã –∫—Ä—É–ø–Ω–æ–µ –±—Ä–∞—á–Ω–æ–µ –∞–≥–µ–Ω—Ç—Å—Ç–≤–æ ¬´–°–µlebrity¬ª –∏ —è–≤–ª—è–µ–º—Å—è –õ–ò–î–ï–†–ê–ú–ò —Ä—ã–Ω–∫–∞ —É–∂–µ...,no_info,https://www.work.ua/ru/jobs/3023274/
4695215,Target Consulting Group,"–ú–µ–Ω–µ–¥–∂–µ—Ä –ø–æ –ø—Ä–æ–¥–∞–∂–∞–º —É—Å–ª—É–≥ –°–¢–û (–í2–í, –°–≤—è...",no_info,no_info,–ö–∏–µ–≤,"–û–ø–∏—Å–∞–Ω–∏–µ –≤–∞–∫–∞–Ω—Å–∏–∏–°—Ç–∞–Ω—Ü–∏—è —Ç–µ—Ö–Ω–∏—á–µ—Å–∫–æ–≥–æ –æ–±—Å–ª—É–∂–∏–≤–∞–Ω–∏—è –∞–≤—Ç–æ–º–æ–±–∏–ª–µ–π, –∫–æ—Ç–æ—Ä–∞...",no_info,https://www.work.ua/ru/jobs/4695215/
4638134,Arce,Project manager,no_info,30000,–ö–∏–µ–≤,ARCE is an international company that provides high-tech services sinc...,http://www.arce.com.ua,https://www.work.ua/ru/jobs/4638134/
3994162,"–î–æ–º—ñ–Ω–æ—Å –ü—ñ—Ü–∞ –Æ–∫—Ä–µ–π–Ω, –¢–û–í","–ö—É—Ä'—î—Ä (–∞–≤—Ç–æ, –º–æ—Ç–æ, –≤–µ–ª–æ, –ì–æ–ª–æ—Å—ñ—ó–≤—Å—å–∫–∏–π ...",no_info,no_info,–ö–∏–µ–≤,–£ –∑–≤‚Äô—è–∑–∫—É –∑ —Ä–æ–∑—à–∏—Ä–µ–Ω–Ω—è–º –º–µ—Ä–µ–∂—ñ Domino‚Äôs Pizza –≤ –º. –ö–∏—ó–≤ –∑–∞–ø—Ä–æ—à—É—î–º–æ –Ω–∞ ...,http://dominos.ua,https://www.work.ua/ru/jobs/3994162/
4671587,"–ü—É–ª—å—Å, —Å—ñ–º–µ–π–Ω–∞ –∫–ª—ñ–Ω—ñ–∫–∞",–°–∏—Å—Ç–µ–º–Ω–∏–π –∞–¥–º—ñ–Ω—ñ—Å—Ç—Ä–∞—Ç–æ—Ä,no_info,no_info,"–ö–∏–µ–≤, –≤—É–ª–∏—Ü—è –Ü–≤–∞–Ω–∞ –ö—Ä–∞–º—Å—å–∫–æ–≥–æ, 9.",–¢–û–í ¬´–û–ª—ñ–º–ø¬ª –∑–∞–ø—Ä–æ—à—É—î –Ω–∞ —Ä–æ–±–æ—Ç—É –°—Ç–∞—Ä—à–æ–≥–æ —Å–∏—Å—Ç–µ–º–Ω–æ–≥–æ –∞–¥–º—ñ–Ω—ñ—Å—Ç—Ä–∞—Ç–æ—Ä–∞–ú—ñ—Å—Ü–µ...,http://puls.ua,https://www.work.ua/ru/jobs/4671587/
3781977,Bolt,"–í–æ–¥–∏—Ç–µ–ª—å –≤ —Ç–∞–∫—Å–∏ –Ω–∞ –∞–≤—Ç–æ –∫–æ–º–ø–∞–Ω–∏–∏ (Bolt,...",20000,25000,"–•–∞—Ä—å–∫–æ–≤, –≤—É–ª–∏—Ü—è –ê–∫–∞–¥–µ–º—ñ–∫–∞ –ü–∞–≤–ª–æ–≤–∞, 271.","–ü—Ä–µ–¥–ª–∞–≥–∞–µ–º —Ä–∞–±–æ—Ç—É –≤ –∫–æ–º–ø–∞–Ω–∏–∏ Bolt, –Ω–∞ –Ω–æ–≤—ã—Ö –∞–≤—Ç–æ–º–æ–±–∏–ª—è—Ö SKODA SKALA 20...",http://bolt-ua.com,https://www.work.ua/ru/jobs/3781977/
4695192,CitySites,Sales manager,no_info,25000,–ö—Ä–∏–≤–æ–π –†–æ–≥,–ì–æ—Ä–æ–¥—Å–∫–∏–µ —Å–∞–π—Ç—ã –∫–æ–º–ø–∞–Ω–∏–∏ CitySites –∑–∞–Ω–∏–º–∞—é—Ç –ª–∏–¥–∏—Ä—É—é—â–∏–µ –ø–æ–∑–∏—Ü–∏–∏ –≤ –∫–∞–∂–¥–æ...,http://citysites.ua,https://www.work.ua/ru/jobs/4695192/
4695191,YourQuery S.R.O.,–°–ø–µ—Ü–∏–∞–ª–∏—Å—Ç –ø–æ –ø—Ä–æ–¥–∞–∂–∞–º (–≥–æ—Ä—è—á–∏–µ –∑–∞—è–≤–∫–∏),38000,80000,–õ—å–≤–æ–≤,"–ü—Ä–∏–≤–µ—Ç, –≤–æ—Å—Ö–æ–¥—è—â–∞—è –∑–≤–µ–∑–¥–∞ –ø—Ä–æ–¥–∞–∂!–î–∞–≤–∞–π –∑–Ω–∞–∫–æ–º–∏—Ç—å—Å—è:–ú—ã Digital –∞–≥–µ–Ω—Ç—Å—Ç–≤...",http://yourquery.ua/,https://www.work.ua/ru/jobs/4695191/
4695189,Premium Staff,–ê–∫–∫–∞—É–Ω—Ç-–º–µ–Ω–µ–¥–∂–µ—Ä (Amazon),12000,16000,–û–¥–µ—Å—Å–∞,–ù–∞—à–∞ –∫–æ–º–ø–∞–Ω–∏—è –∑–∞–Ω–∏–º–∞–µ—Ç—Å—è –ø—Ä–æ–¥–∞–∂–µ–π —Ç–æ–≤–∞—Ä–æ–≤ –Ω–∞ –º–µ–∂–¥—É–Ω–∞—Ä–æ–¥–Ω–æ–π –ø–ª–æ—â–∞–¥–∫–µ Am...,no_info,https://www.work.ua/ru/jobs/4695189/
4668122,"Sportmaster, –º–µ—Ä–µ–∂–∞ —Å–ø–æ—Ä—Ç–∏–≤–Ω–∏—Ö —Å—É–ø–µ—Ä–º–∞—Ä–∫–µ—Ç—ñ–≤","–ö–æ–º—ñ—Ä–Ω–∏–∫ (–¢–¶ ""–ü—Ä–æ—Å–ø–µ–∫—Ç"")",no_info,no_info,"–ö–∏–µ–≤, –≤—É–ª–∏—Ü—è –ì–Ω–∞—Ç–∞ –•–æ—Ç–∫–µ–≤–∏—á–∞, 1–í.",–ö–æ–º–ø–∞–Ω—ñ—è SPORTMASTER ‚Äî –ª—ñ–¥–µ—Ä –Ω–∞ —É–∫—Ä–∞—ó–Ω—Å—å–∫–æ–º—É —Ä–∏–Ω–∫—É —Ç–æ–≤–∞—Ä—ñ–≤ –¥–ª—è —Å–ø–æ—Ä—Ç—É ...,http://sportmaster.ua,https://www.work.ua/ru/jobs/4668122/
3632729,"–ë—Ä–æ–∫–∞—Ä–¥-–£–∫—Ä–∞–∏–Ω–∞, –û–û–û",–¢–æ—Ä–≥–æ–≤—ã–π –ø—Ä–µ–¥—Å—Ç–∞–≤–∏—Ç–µ–ª—å,20000,25000,–ö–∏–µ–≤,–í —Å–≤—è–∑–∏ —Å —Ä–∞–∑–≤–∏—Ç–∏–µ–º –±–∏–∑–Ω–µ—Å–∞ –ø—Ä–∏–≥–ª–∞—à–∞–µ–º –Ω–∞ —Ä–∞–±–æ—Ç—É —Ç–æ—Ä–≥–æ–≤–æ–≥–æ –ø—Ä–µ–¥—Å—Ç–∞–≤–∏—Ç–µ...,http://www.brocard.ua,https://www.work.ua/ru/jobs/3632729/
4695174,–ë–∞—É–º–∏—Ç –£–∫—Ä–∞–∏–Ω–∞,–ì–ª–∞–≤–Ω—ã–π –∏–Ω–∂–µ–Ω–µ—Ä,24000,30000,–ë—Ä–æ–≤–∞—Ä—ã,–¢—Ä–µ–±–æ–≤–∞–Ω–∏—è: –≠–ª–µ–∫—Ç—Ä–æ-—Ç–µ—Ö–Ω–∏—á–µ—Å–∫–æ–µ –æ–±—Ä–∞–∑–æ–≤–∞–Ω–∏–µ–£—Å–ª–æ–≤–∏—è —Ä–∞–±–æ—Ç—ã: –ù–µ–Ω–æ—Ä–º–∏—Ä–æ–≤–∞...,http://www.baumit.ua,https://www.work.ua/ru/jobs/4695174/
4621918,–Ñ–≤—Ä–æ–≤—ñ–∫–Ω–æ–±—É–¥,–û—Ñ—ñ—Å-–º–µ–Ω–µ–¥–∂–µ—Ä,20000,22000,"–ö–∏–µ–≤, –≤—É–ª–∏—Ü—è –í–µ—Ä—Ö–Ω—å–æ–≥—ñ—Ä—Å—å–∫–∞, 7.","–ó–∞–ø—Ä–æ—à—É—î–º–æ –¥–æ –Ω–∞—à–æ—ó –∫–æ–º–∞–Ω–¥–∏ –º–æ–ª–æ–¥—É, –≤–ø–µ–≤–Ω–µ–Ω—É –≤ —Å–æ–±—ñ, –ø–æ–∑–∏—Ç–∏–≤–Ω—É –¥—ñ–≤—á–∏–Ω—É...",http://www.evb.ua,https://www.work.ua/ru/jobs/4621918/
3240596,"Aquatech Group, –∞–≤—Ç–æ–º–æ–π–∫–∞",–ê–¥–º–∏–Ω–∏—Å—Ç—Ä–∞—Ç–æ—Ä –∞–≤—Ç–æ–º–æ–π–∫–∏,17000,20000,"–ö–∏–µ–≤, –≤—É–ª–∏—Ü—è –ù–∞–±–µ—Ä–µ–∂–Ω–æ-–•—Ä–µ—â–∞—Ç–∏—Ü—å–∫–∞, 10.",–ù–∞ —Ç—É–Ω–Ω–µ–ª—å–Ω—É—é –º–æ–π–∫—É –≤ —Ü–µ–Ω—Ç—Ä–µ –ö–∏–µ–≤–∞ —Ç—Ä–µ–±—É–µ—Ç—Å—è –∞–¥–º–∏–Ω–∏—Å—Ç—Ä–∞—Ç–æ—Ä –¢–µ–ª–µ—Ñ–æ–Ω –¥–ª—è...,no_info,https://www.work.ua/ru/jobs/3240596/
4695166,"–ö–∞–ø—ñ—Ç–∞–ª, –º–µ—Ä–µ–∂–∞ –ª–æ–º–±–∞—Ä–¥—ñ–≤","–í–µ–¥—É—â–∏–π –ø—Ä–æ–≥—Ä–∞–º–º–∏—Å—Ç 1–°, Team Lead",no_info,no_info,"–ó–∞–ø–æ—Ä–æ–∂—å–µ, –≤—É–ª–∏—Ü—è –õ–µ–æ–Ω—ñ–¥–∞ –ñ–∞–±–æ—Ç–∏–Ω—Å—å–∫–æ–≥–æ, 40.","–í—Å–µ—É–∫—Ä–∞–∏–Ω—Å–∫–∞—è —Å–µ—Ç—å –ª–æ–º–±–∞—Ä–¥–æ–≤ ¬´–ö–∞–ø–∏—Ç–∞–ª¬ª, –≤ —Å–≤—è–∑–∏ —Å —Ä–∞–∑–≤–∏—Ç–∏–µ–º –ö–æ–º–ø–∞–Ω–∏–∏, ...",http://lombard-capital.com.ua/,https://www.work.ua/ru/jobs/4695166/
4695152,SD Consulting,Sales Manager (IT),25000,40000,–ö–∏–µ–≤,–ö–∞–∫–∏–µ –∑–∞–¥–∞—á–∏ –º—ã –ø–æ–º–æ–≥–∞–µ–º —Ä–µ—à–∞—Ç—å –Ω–∞—à–∏–º –∫–ª–∏–µ–Ω—Ç–∞–º –ò–∑–±–∞–≤–∏—Ç—å—Å—è –æ—Ç —Å–∞–º–∏—Ö –ø—Ä–∏...,http://softwaredconsulting.com,https://www.work.ua/ru/jobs/4695152/
4695151,SD Consulting,Sales Manager (IT),25000,40000,–•–∞—Ä—å–∫–æ–≤,–ö–∞–∫–∏–µ –∑–∞–¥–∞—á–∏ –º—ã –ø–æ–º–æ–≥–∞–µ–º —Ä–µ—à–∞—Ç—å –Ω–∞—à–∏–º –∫–ª–∏–µ–Ω—Ç–∞–º –ò–∑–±–∞–≤–∏—Ç—å—Å—è –æ—Ç —Å–∞–º–∏—Ö –ø—Ä–∏...,http://softwaredconsulting.com,https://www.work.ua/ru/jobs/4695151/
4464589,–ü—Ä–æ–ú–æ—Ç–æ—Ä,–í–µ—Ä—Å—Ç–∞—Ç–Ω–∏–∫ —Å–ø–µ—Ü—ñ–∞–ª—å–Ω–∏—Ö –º–µ—Ç–∞–ª–æ–æ–±—Ä–æ–±–Ω–∏—Ö –≤–µ...,no_info,no_info,"–ö—Ä–∏–≤–æ–π –†–æ–≥, –≤—É–ª–∏—Ü—è –§–∞–±—Ä–∏—á–Ω–∞, 3\6.",–ö–æ–º–ø–∞–Ω—ñ—è –ü—Ä–æ–ú–æ—Ç–æ—Ä (–º–µ—Ä–µ–∂–∞ —Ä–µ–≥—ñ–æ–Ω–∞–ª—å–Ω–∏—Ö —Ü–µ—Ö—ñ–≤ –∑ –º–µ—Ö–∞–Ω—ñ—á–Ω–æ—ó –æ–±—Ä–æ–±–∫–∏ –¥–µ—Ç–∞...,http://www.vms.kiev.ua,https://www.work.ua/ru/jobs/4464589/
3578150,SupportYourApp,Customer Support Consultant,no_info,no_info,–ö–∏–µ–≤,"Interested in Software, Hardware and SaaS products?Join our SupportYou...",http://supportyourapp.com,https://www.work.ua/ru/jobs/3578150/
3699705,Bahamamama.com.ua,"–î–æ–º—Ä–æ–±—ñ—Ç–Ω–∏—Ü—è, –∫–ª—ñ–Ω–µ—Ä",15000,22000,–ö–∏–µ–≤,–û–Ω–ª–∞–π–Ω-—Å–µ—Ä–≤—ñ—Å BahamaMama ‚Äî –ø–ª–∞—Ç—Ñ–æ—Ä–º–∞ –¥–ª—è –ø–æ—à—É–∫—É –∑–∞–º–æ–≤–Ω–∏–∫—ñ–≤ –ø–æ—Å–ª—É–≥ –ø—Ä–∏–±...,http://bahamamama.com.ua,https://www.work.ua/ru/jobs/3699705/
4493061,"–ò–Ω–¥—É—Å—Ç—Ä–∏—è, –≥—Ä—É–ø–ø–∞ –∫–æ–º–ø–∞–Ω–∏–π",–ö–ª–∞–¥–æ–≤—â–∏–∫,no_info,no_info,"–ö–∏–µ–≤, –í–µ–ª–∏–∫–∞ –û–∫—Ä—É–∂–Ω–∞ –¥–æ—Ä–æ–≥–∞, 4.",–¢—Ä–µ–±–æ–≤–∞–Ω–∏—è:–ú—É–∂—á–∏–Ω–∞ 20‚àí40 –ª–µ—Ç;–û—Ç—Å—É—Ç—Å—Ç–≤–∏–µ –ø—Ä–æ—Ç–∏–≤–æ–ø–æ–∫–∞–∑–∞–Ω–∏–π –¥–ª—è –ø–æ–¥–Ω—è—Ç–∏—è ...,no_info,https://www.work.ua/ru/jobs/4493061/
4544565,"–ê–π—Å—Ç—Ä–∞ –°—Ç—Ä–æ–Ω–≥, –û–û–û",–ú–µ–Ω–µ–¥–∂–µ—Ä –∑ –∞–¥–º—ñ–Ω—ñ—Å—Ç—Ä–∞—Ç–∏–≤–Ω–æ—ó –¥—ñ—è–ª—å–Ω–æ—Å—Ç—ñ (...,no_info,20000,–ö–∏–µ–≤,–ö–ª—ñ–Ω—ñ–Ω–≥–æ–≤–∞ –∫–æ–º–ø–∞–Ω—ñ—è –∑–∞–ø—Ä–æ—à—É—î –º–æ–ª–æ–¥–æ–≥–æ –µ–Ω–µ—Ä–≥—ñ–π–Ω–æ–≥–æ –º–µ–Ω–µ–¥–∂–µ—Ä–∞ –Ω–∞ –∑–∞–º—ñ—â–µ–Ω...,no_info,https://www.work.ua/ru/jobs/4544565/
4695122,Perla Helsa,"–ú–µ–Ω–µ–¥–∂–µ—Ä –ø–æ –∑–∞–∫—É–ø–∫–∞–º, –°–¢–ú (Private Label...",15000,30000,"–ö–∏–µ–≤, –≤—É–ª–∏—Ü—è –î–∂–æ–Ω–∞ –ú–∞–∫–∫–µ–π–Ω–∞, 3–ê.","–ü—Ä–∏–≤–µ—Ç! –ú—ã, Perla Helsa, ‚Äî digital-–±—Ä–µ–Ω–¥ –∫–ª–∞—Å—Å–Ω—ã—Ö, –ø–æ–ª–µ–∑–Ω—ã—Ö –∏ 100% –±–µ–∑...",http://perlahelsa.ua,https://www.work.ua/ru/jobs/4695122/
4345705,Maxi Group Kharkiv,–ú–µ–Ω–µ–¥–∂–µ—Ä –ø–æ —Ä–∞–±–æ—Ç–µ —Å –∫–ª–∏–µ–Ω—Ç–∞–º–∏ (call-—Ü–µ–Ω...,no_info,20000,"–•–∞—Ä—å–∫–æ–≤, –ø—Ä–æ—Å–ø. –õ—é–¥–≤—ñ–≥–∞ –°–≤–æ–±–æ–¥–∏, 48.",–í –º–µ–∂–¥—É–Ω–∞—Ä–æ–¥–Ω–æ–π –∫–æ–º–ø–∞–Ω–∏–∏ –æ—Ç–∫—Ä—ã—Ç–∞ –≤–∞–∫–∞–Ω—Å–∏—è ¬´–ú–µ–Ω–µ–¥–∂–µ—Ä –ø–æ —Ä–∞–±–æ—Ç–µ —Å –∫–ª–∏–µ–Ω—Ç...,http://maxigroups.com.ua/,https://www.work.ua/ru/jobs/4345705/
4695107,–î–µ–ª—Ç–∞ –°–ø–æ—Ä—Ç,–ü—Ä–æ–¥–∞–≤–µ—Ü-–∫–æ–Ω—Å—É–ª—å—Ç–∞–Ω—Ç –≤ –º–∞–≥–∞–∑–∏–Ω Nike (–¢–†–¶...,no_info,no_info,"–ö–∏–µ–≤, –î–Ω—ñ–ø—Ä–æ–≤—Å—å–∫–∞ –Ω–∞–±–µ—Ä–µ–∂–Ω–∞, 12.","–ö–æ–º–ø–∞–Ω–∏—è ¬´–î–µ–ª—Ç–∞ –°–ø–æ—Ä—Ç¬ª (—ç–∫—Å–∫–ª—é–∑–∏–≤–Ω—ã–π –¥–∏—Å—Ç—Ä–∏–±—å—é—Ç–æ—Ä Nike, Converse) –æ–±—ä—è...",http://www.deltasport.ua,https://www.work.ua/ru/jobs/4695107/
4695099,–¢–∞–∫—Å–∏ 571,–í–æ–¥–∏—Ç–µ–ª—å –Ω–∞ —Å–≤–æ–µ–º —ç–≤–∞–∫—É–∞—Ç–æ—Ä–µ,no_info,25000,"–ö–∏–µ–≤, –≤—É–ª–∏—Ü—è –ü–æ–ø—É–¥—Ä–µ–Ω–∫–∞, 52.",–ó–∞–ø—Ä–æ—à—É—î–º–æ –Ω–∞ —Ä–æ–±–æ—Ç—É –í–æ–¥—ñ—ó–≤ –¥–ª—è —Ä–æ–±–æ—Ç–∏ –Ω–∞ —Å–≤–æ—î–º—É –µ–≤–∞–∫—É–∞—Ç–æ—Ä—ñ–ú–∏ –ø—Ä–æ–ø–æ–Ω—É—î...,http://571.com.ua,https://www.work.ua/ru/jobs/4695099/
4695093,–ö–∏—ó–≤–ª—ñ–Ω–∑–∞,–ü–∞–∫—É–≤–∞–ª—å–Ω–∏–∫,no_info,14000,"–ö–∏–µ–≤, –≤—É–ª–∏—Ü—è –ì–µ—Ä–æ—ó–≤ –î–Ω—ñ–ø—Ä–∞, 35.",–û–ø—Ç–∏—á–Ω–∞ –º–µ—Ä–µ–∂–∞ ¬´–ö–∏—ó–≤–ª—ñ–Ω–∑–∞¬ª –∑–∞–ø—Ä–æ—à—É—î –¥–æ —Å–µ–±–µ –≤ –∫–æ–º–∞–Ω–¥—É –Ω–∞ –ø–æ–≤–Ω–∏–π —Ä–æ–±–æ—á–∏...,http://kyivlinza.ua,https://www.work.ua/ru/jobs/4695093/
3100454,–¢–∞–∫—Å–∏ 571 –ü–∞—Ä—Ç–Ω–µ—Ä—ã,–í–æ–¥–∏—Ç–µ–ª—å –Ω–∞ –∞–≤—Ç–æ –∫–æ–º–ø–∞–Ω–∏–∏,18000,25000,–ö–∏–µ–≤,"–ö–æ–º–ø–∞–Ω–∏—è –ø—Ä–µ–¥–æ—Å—Ç–∞–≤–ª—è–µ—Ç –∫–æ–º—Ñ–æ—Ä—Ç–Ω—ã–µ –∞–≤—Ç–æ–º–æ–±–∏–ª–∏, Renault Fluence,Hyundai ...",no_info,https://www.work.ua/ru/jobs/3100454/
4695075,–ë—Ä–æ–≤–∞—Ä—Å–∫–æ–π –∑–∞–≤–æ–¥ –ø–æ–ª–∏—ç—Ç–∏–ª–µ–Ω–æ–≤—ã—Ö –∏–∑–¥–µ–ª–∏–π,–†–∞–∑–Ω–æ—Ä–∞–±–æ—á–∏–π,15000,25000,–ë—Ä–æ–≤–∞—Ä—ã,"–£—Å–ª–æ–≤–∏—è —Ä–∞–±–æ—Ç—ã: –ø–æ—Å–º–µ–Ω–Ω—ã–π –≥—Ä–∞—Ñ–∏–∫ —Ä–∞–±–æ—Ç—ã,–≥–∞—Ä–∞–Ω—Ç–∏—è –¥–æ—Å—Ç–æ–π–Ω–æ–≥–æ —É—Ä–æ–≤–Ω—è –æ–ø–ª...",no_info,https://www.work.ua/ru/jobs/4695075/
4042013,ElAvto,–ú–µ—Ö–∞–Ω–∏–∫ –∞–≤—Ç–æ—Ç—Ä–∞–Ω—Å–ø–æ—Ä—Ç–∞,no_info,35000,–ö–∏–µ–≤,–¢—Ä–µ–±–æ–≤–∞–Ω–∏—è: –ö–æ–º–ø–∞–Ω–∏—è –ï–ª–∞–≤—Ç–æ –ø—Ä–∏–≥–ª–∞—à–∞–µ—Ç —Å–ø–µ—Ü–∏–∞–ª–∏—Å—Ç–∞ –º–µ—Ö–∞–Ω–∏–∫–∞ –≤ –∞–≤—Ç–æ—Å–µ—Ä–≤...,http://elavto.com.ua/,https://www.work.ua/ru/jobs/4042013/
4472302,"–í–µ—Ç—Ä–æ–ø–∞–∫, –ì–æ—Å—Ç–æ–º–µ–ª—å—Å–∫–∏–π —Å—Ç–µ–∫–ª–æ–∑–∞–≤–æ–¥",–ú–∞—à–∏–Ω—ñ—Å—Ç –ø–∞–∫—É–≤–∞–ª—å–Ω–æ—ó –º–∞—à–∏–Ω–∏ (–∑ –Ω–∞–≤—á–∞–Ω–Ω—è–º...,10400,13000,–ë—É—á–∞,–ì—Ä—É–ø–∞ –ö–æ–º–ø–∞–Ω—ñ–π Vetropack ‚Äî –æ–¥–∏–Ω —ñ–∑ –ø—Ä–æ–≤—ñ–¥–Ω–∏—Ö —î–≤—Ä–æ–ø–µ–π—Å—å–∫–∏—Ö –≤–∏—Ä–æ–±–Ω–∏–∫—ñ–≤ —Å...,http://www.vetropack.ua/uk/,https://www.work.ua/ru/jobs/4472302/
3793638,"–û—Å–º–æ-–°, –¢–û–í",–ò–Ω–∂–µ–Ω–µ—Ä-–º–æ–Ω—Ç–∞–∂–Ω–∏–∫ —Å–∏—Å—Ç–µ–º —Ñ–∏–ª—å—Ç—Ä–∞—Ü–∏–∏ –≤–æ–¥—ã,20000,35000,"–ö–∏–µ–≤, –ø—Ä–æ—Å–ø–µ–∫—Ç –í–∏–∑–≤–æ–ª–∏—Ç–µ–ª—ñ–≤, 5.",–¢—Ä–µ–±–æ–≤–∞–Ω–∏—è:–ú—É–∂. –û—Ç 25 –¥–æ 45.–û–ø—ã—Ç —Ä–∞–±–æ—Ç—ã –≤ —ç—Ç–æ–º –Ω–∞–ø—Ä–∞–≤–ª–µ–Ω–∏–∏;–ù–∞–ª–∏—á–∏–µ —Å–æ–±...,no_info,https://www.work.ua/ru/jobs/3793638/
3545110,C–º–∞–∫–æ–ª–∏–∫–∏,–ü–µ–∫–∞—Ä—å-–∫–æ–Ω–¥–∏—Ç–µ—Ä,10000,14000,"–ò–≤–∞–Ω–æ-–§—Ä–∞–Ω–∫–æ–≤—Å–∫, –≤—É–ª–∏—Ü—è –ì–Ω–∞—Ç–∞ –•–æ—Ç–∫–µ–≤–∏—á–∞.",–¢–æ—Ä–≥—ñ–≤–µ–ª—å–Ω–∞ –∫–æ–º–ø–∞–Ω—ñ—è ¬´–°–º–∞–∫–æ–ª–∏–∫¬ª —è–∫–∞ –∑–∞–π–º–∞—î—Ç—å—Å—è –≤–∏—Ä–æ–±–Ω–∏—Ü—Ç–≤–æ–º –∫–æ–Ω–¥–∏—Ç–µ—Ä—Å—å...,no_info,https://www.work.ua/ru/jobs/3545110/
3765281,–ö–∏—ó–≤—Å—Ç–∞—Ä,–û–ø–µ—Ä–∞—Ç–æ—Ä Contact –°enter –∑ –æ–±—Å–ª—É–≥–æ–≤—É–≤–∞–Ω–Ω—è...,no_info,11500,–ß–µ—Ä–∫–∞—Å—Å—ã,–ß–æ–º—É –Ω–∞—à–∞ –∫–æ–º–∞–Ω–¥–∞ Contact Center –Ω–∞–π–∫—Ä–∞—â–∞? –ß–∏—Ç–∞–π –Ω–∏–∂—á–µ –∞–±–æ –ø–µ—Ä–µ—Ö–æ–¥—å –∑–∞...,http://www.kyivstar.ua,https://www.work.ua/ru/jobs/3765281/
1868904,"–ú–°-—Ç—Ä–∞–Ω—Å, —Ç—Ä–∞–Ω—Å–ø–æ—Ä—Ç–Ω–∞—è –∫–æ–º–ø–∞–Ω–∏—è",–í–æ–¥–∏—Ç–µ–ª—å-–º–µ–∂–¥—É–Ω–∞—Ä–æ–¥–Ω–∏–∫ –∫–∞—Ç. –°–ï (—Å—Ç–µ–∫–ª–æ–≤–æ...,no_info,no_info,"–í–∏—à–Ω–µ–≤–æ–µ, –≤—É–ª–∏—Ü—è –ö–∏—ó–≤—Å—å–∫–∞.",–¢—Ä–µ–±—É–µ—Ç—Å—è –æ—Ç–≤–µ—Ç—Å—Ç–≤–µ–Ω–Ω—ã–π –≤–æ–¥–∏—Ç–µ–ª—å-–º–µ–∂–¥—É–Ω–∞—Ä–æ–¥–Ω–∏–∫ –Ω–∞ —Å–ø–µ—Ü.—Ç—Ä–∞–Ω—Å–ø–æ—Ä—Ç –¥–ª—è –ø...,no_info,https://www.work.ua/ru/jobs/1868904/
4497697,Winboss,"–ö–∞—Å–∏—Ä –∑–∞–ª—É —ñ–≥—Ä–æ–≤–∏—Ö –∞–≤—Ç–æ–º–∞—Ç—ñ–≤ (–∫–∞–∑–∏–Ω–æ, —Å–ª...",no_info,15000,–û–¥–µ—Å—Å–∞,–ú—ñ–∂–Ω–∞—Ä–æ–¥–Ω–∞ –≥—Ä—É–ø–∞ –∫–æ–º–ø–∞–Ω—ñ–π WINBOSS —É –∑–≤‚Äô—è–∑–∫—É –∑ –≤—ñ–¥–∫—Ä–∏—Ç—Ç—è–º –∑–∞–ª—ñ–≤ –≥—Ä–∞–ª—å–Ω–∏...,no_info,https://www.work.ua/ru/jobs/4497697/
4695019,"–û–≤–µ–Ω, –ø—Ä–æ–∏–∑–≤–æ–¥—Å—Ç–≤–µ–Ω–Ω–∞—è –∫–æ–º–ø–∞–Ω–∏—è",–ò–Ω–∂–µ–Ω–µ—Ä-–ø—Ä–æ–≥—Ä–∞–º–º–∏—Å—Ç (Embedded),22000,30000,"–•–∞—Ä—å–∫–æ–≤, –≤—É–ª–∏—Ü—è –ì–≤–∞—Ä–¥—ñ–π—Ü—ñ–≤-–®–∏—Ä–æ–Ω—ñ–Ω—Ü—ñ–≤, 3–∞.",–û–±—è–∑–∞–Ω–Ω–æ—Å—Ç–∏:–†–∞–∑—Ä–∞–±–æ—Ç–∫–∞ –ø—Ä–æ–≥—Ä–∞–º–º–Ω–æ–≥–æ –æ–±–µ—Å–ø–µ—á–µ–Ω–∏—è –≤—Å—Ç—Ä–æ–µ–Ω–Ω—ã—Ö —Å–∏—Å—Ç–µ–º;–û—Å–Ω–æ...,http://www.owen.ua,https://www.work.ua/ru/jobs/4695019/
4664083,Ready Bussines Solutions LLC,"–ú–µ–Ω–µ–¥–∂–µ—Ä –ø–æ –æ–ø—Ä–æ—Å–∞–º (English, Espanol)",12000,18000,"–û–¥–µ—Å—Å–∞, –≤—É–ª–∏—Ü—è –ö–æ—Å–º–æ–Ω–∞–≤—Ç—ñ–≤, 32.",–¢—Ä–µ–±–æ–≤–∞–Ω–∏—è:–°–≤–æ–±–æ–¥–Ω–æ–µ –≤–ª–∞–¥–µ–Ω–∏–µ –æ–¥–Ω–æ–≥–æ –∏–∑ –≤—ã—à–µ –ø–µ—Ä–µ—á–∏—Å–ª–µ–Ω–Ω—ã—Ö —è–∑—ã–∫–æ–≤ (upp...,no_info,https://www.work.ua/ru/jobs/4664083/
3975667,"–ö2000, –¢–û–í",–ö—Ä–µ–¥–∏—Ç–Ω—ã–π –∞–Ω–∞–ª–∏—Ç–∏–∫,no_info,20000,"–ö–∏–µ–≤, –≤—É–ª–∏—Ü—è –°–∞–ø–µ—Ä–Ω–æ-–°–ª–æ–±—ñ–¥—Å—å–∫–∞, 22.","–ú—ã —É–≤–µ—Ä–µ–Ω—ã, —á—Ç–æ –Ω–∞—à –ø—Ä–æ–µ–∫—Ç FinStrem —Å–ø–æ—Å–æ–±–µ–Ω —É–ª—É—á—à–∏—Ç—å —Ñ–∏–Ω–∞–Ω—Å–æ–≤—ã–π —Ä—ã–Ω–æ–∫...",http://www.finstream.ua,https://www.work.ua/ru/jobs/3975667/
4692417,The WhyKingz,–ú–∞—Ä–∫–µ—Ç–∏–Ω–≥-–º–µ–Ω–µ–¥–∂–µ—Ä —Å–æ –∑–Ω–∞–Ω–∏–µ–º –∫–æ—Ä–µ–π—Å–∫–æ–≥–æ,no_info,no_info,"–ö–∏–µ–≤, –°–ø–æ—Ä—Ç–∏–≤–Ω–∞ –ø–ª–æ—â–∞, 1–ê.","–ü—Ä–∏–≤–µ—Ç!–ú—ã IT –∫–æ–º–ø–∞–Ω–∏—è The WhyKingz, –∫–æ—Ç–æ—Ä–∞—è –∑–∞–±–æ—Ç–∏—Ç—Å—è –æ —Å–≤–æ–∏—Ö —Å–æ—Ç—Ä—É–¥–Ω–∏...",http://whykingz.com/uk/,https://www.work.ua/ru/jobs/4692417/
2512773,–ê–ª—å—è–Ω—Å –ë—É–¥—ñ–≤–µ–ª—å–Ω–∏–∫—ñ–≤ –£–∫—Ä–∞—ó–Ω–∏,"–ú–∞—Ä–∫–µ—Ç–æ–ª–æ–≥, –¥–∏—Ä–µ–∫—Ç–æ—Ä –æ—Ç–¥–µ–ª–∞",30000,50000,"–ö–∏–µ–≤, –≤—É–ª–∏—Ü—è –ù–∞–±–µ—Ä–µ–∂–Ω–æ-–•—Ä–µ—â–∞—Ç–∏—Ü—å–∫–∞, 11.",–û–û–û ¬´–ê–õ–¨–Ø–ù–° –°–¢–†–û–ò–¢–ï–õ–ï–ô –£–ö–†–ê–ò–ù–´¬ª –≤ —Å–≤—è–∑–∏ —Å –∞–∫—Ç–∏–≤–Ω—ã–º —Ä–∞–∑–≤–∏—Ç–∏–µ–º –ø—Ä–∏–≥–ª–∞—à–∞–µ...,http://www.aby.kiev.ua,https://www.work.ua/ru/jobs/2512773/
4694286,"–£–∫—Ä–µ–∫–æ–ø—Ä–æ–¥—É–∫—Ç, –¢–û–í",–ë—É—Ö–≥–∞–ª—Ç–µ—Ä,15000,16000,"–ö–∏–µ–≤, –í—ñ–¥—Ä–∞–¥–Ω–∏–π –ø—Ä–æ—Å–ø–µ–∫—Ç, 36.",–í —Ç–æ—Ä–≥–æ–≤—É—é —Ñ–∏—Ä–º—É —Ç—Ä–µ–±—É–µ—Ç—Å—è –±—É—Ö–≥–∞–ª—Ç–µ—Ä –±–µ–∑ –æ–≥—Ä–∞–Ω–∏—á–µ–Ω–∏–π –ø–æ –≤–æ–∑—Ä–∞—Å—Ç—É —Å–æ –∑–Ω...,http://1kanat.com.ua,https://www.work.ua/ru/jobs/4694286/
4694982,Urban Planet,"–ü—Ä–æ–¥–∞–≤–µ—Ü—å-–∫–æ–Ω—Å—É–ª—å—Ç–∞–Ω—Ç (–¢–†–¶ ""–†–∞–π–æn"", —Ä-–Ω ...",13000,17000,"–ö–∏–µ–≤, –≤—É–ª–∏—Ü—è –ú–∏–∫–æ–ª–∏ –õ–∞–≤—Ä—É—Ö—ñ–Ω–∞, 4.",Urban Planet Streetwear –ø–æ–ø—É–ª—è—Ä–Ω–∏–π —É–∫—Ä–∞—ó–Ω—Å—å–∫–∏–π –±—Ä–µ–Ω–¥ —ñ–∑ –≤–ª–∞—Å–Ω–∏–º –≤–∏—Ä–æ–±–Ω...,http://urbanplanet-streetwear.com/,https://www.work.ua/ru/jobs/4694982/
4620563,–¢–µ–ª–µ–∫–æ–Ω—Ç–∞–∫—Ç (–ñ–∏—Ç–æ–º–∏—Ä),–°–ø–µ—Ü—ñ–∞–ª—ñ—Å—Ç –ø–æ —Ä–æ–±–æ—Ç—ñ –∑ –∫–ª—ñ—î–Ω—Ç–∞–º–∏,no_info,11500,"–ñ–∏—Ç–æ–º–∏—Ä, –≤—É–ª–∏—Ü—è –í—ñ—Ç—Ä—É–∫–∞, 9.",–ú—ñ–∂–Ω–∞—Ä–æ–¥–Ω–∞ –∫–æ–º–ø–∞–Ω—ñ—è –¢–µ–ª–µ–∫–æ–Ω—Ç–∞–∫—Ç ‚Äî –æ–¥–∏–Ω —ñ–∑ –Ω–∞–π–±—ñ–ª—å—à–∏—Ö –∞—É—Ç—Å–æ—Ä—Å–∏–Ω–≥–æ–≤–∏—Ö –∫–æ...,http://www.telecontact.ua,https://www.work.ua/ru/jobs/4620563/
4536243,Top.Sell IT,–ë—É—Ö–≥–∞–ª—Ç–µ—Ä,20000,30000,"–ö–∏–µ–≤, –±—É–ª—å–≤–∞—Ä –î—Ä—É–∂–±–∏ –ù–∞—Ä–æ–¥—ñ–≤.","Sell it ‚Äî –∫–æ–Ω—Å–∞–ª—Ç–∏–Ω–≥–æ–≤–∞—è –∫–æ–º–ø–∞–Ω–∏—è, –∑–∞–Ω–∏–º–∞—é—â–∞—è—Å—è –ø–æ—Å—Ç—Ä–æ–µ–Ω–∏–µ–º –∏ —Å–∏—Å—Ç–µ–º–∞—Ç...",no_info,https://www.work.ua/ru/jobs/4536243/
4503947,Top.Sell IT,Account Manager with English language,20000,50000,"–ö–∏–µ–≤, –±—É–ª—å–≤–∞—Ä –î—Ä—É–∂–±–∏ –ù–∞—Ä–æ–¥—ñ–≤.",Partner-company is looking for Sales Managers! NOT forex! NOT cold cal...,no_info,https://www.work.ua/ru/jobs/4503947/
3945620,Oiler,–û–ø–µ—Ä–∞—Ç–æ—Ä call-—Ü–µ–Ω—Ç—Ä–∞,15000,25000,"–ö–∏–µ–≤, –≤—É–ª–∏—Ü—è –ù–∞–≥—ñ—Ä–Ω–∞, 47.",–ö–æ–º–ø–∞–Ω–∏—è ¬´Oiler¬ª –∏—â–µ—Ç —Ä–µ–∑—É–ª—å—Ç–∞—Ç–∏–≤–Ω–æ–≥–æ –æ–ø–µ—Ä–∞—Ç–æ—Ä–∞ call-—Ü–µ–Ω—Ç—Ä–∞! –¢–∞–∫ –∫—Ç–æ –º...,http://oiler.ua/vacancies/,https://www.work.ua/ru/jobs/3945620/
4694942,"–ú–∞—Ä–∞—Ñ–æ–Ω, –º–∞–≥–∞–∑–∏–Ω","–ü—Ä–æ–¥–∞–≤–µ—Ü-–∫–æ–Ω—Å—É–ª—å—Ç–∞–Ω—Ç (""–°–ø–µ–∫—Ç—Ä"", Lavina, ...",12000,40000,–ö–∏–µ–≤,"¬´–ú–ê–†–ê–§–û–ù¬ª ‚Äî —Ü–µ —É–∫—Ä–∞—ó–Ω—Å—å–∫–∞ —Ç–æ—Ä–≥–æ–≤–∞ –º–µ—Ä–µ–∂–∞, —è–∫–∞ —Å–ø–µ—Ü—ñ–∞–ª—ñ–∑—É—î—Ç—å—Å—è –Ω–∞ –ø—Ä–æ–¥–∞...",http://marathon.com.ua/,https://www.work.ua/ru/jobs/4694942/
4344790,Vitacom –î—ñ–∞–≥–Ω–æ—Å—Ç–∏–∫–∞,–õ—ñ–∫–∞—Ä –£–ó–î,no_info,no_info,"–ß–µ—Ä–∫–∞—Å—Å—ã, –≤—É–ª–∏—Ü—è –ú–µ–Ω–¥–µ–ª—î—î–≤–∞, 7.",–í–∏–º–æ–≥–∏: –ú–µ—Ä–µ–∂–∞ –º–µ–¥–∏—á–Ω–∏—Ö —Ü–µ–Ω—Ç—Ä—ñ–≤ VitaCom –î—ñ–∞–≥–Ω–æ—Å—Ç–∏–∫–∞ –∑–∞–ø—Ä–æ—à—É—î –≤ —Å–≤–æ—é –∫–æ...,http://vitacom.org,https://www.work.ua/ru/jobs/4344790/
3937058,"–ö–æ–ø–µ–π–∫–∞, —Ç–æ—Ä–≥–æ–≤–∞—è —Å–µ—Ç—å",–ò–Ω—Å–ø–µ–∫—Ç–æ—Ä –æ—Ç–¥–µ–ª–∞ –∫–∞–¥—Ä–æ–≤,no_info,no_info,"–û–¥–µ—Å—Å–∞, –ö–∏—ó–≤—Å—å–∫–µ —à–æ—Å–µ, 10–∑.",–ö—Ä—É–ø–Ω—ã–π –î–∏—Å—Ç—Ä–∏–±—å—é—Ç–æ—Ä –ø—Ä–∏–≥–ª–∞—à–∞–µ—Ç ¬´–ò–Ω—Å–ø–µ–∫—Ç–æ—Ä–∞ –æ—Ç–¥–µ–ª–∞ –∫–∞–¥—Ä–æ–≤¬ª–¢—Ä–µ–±–æ–≤–∞–Ω–∏—è:–í...,http://kopeyka.com.ua/,https://www.work.ua/ru/jobs/3937058/
4694936,"–ë–µ–ª—è–∫ –í.–í., –§–û–ü",–†—É–∫–æ–≤–æ–¥–∏—Ç–µ–ª—å –æ—Ç–¥–µ–ª–∞ –º–∞—Ä–∫–µ—Ç–∏–Ω–≥–∞ (–æ–±—Ä–∞–∑–æ–≤–∞...,no_info,no_info,–ö–∏–µ–≤,–ö–æ–º–ø–∞–Ω–∏—è Test Pro ‚Äî –≤ –ø–æ–∏—Å–∫–µ–†—É–∫–æ–≤–æ–¥–∏—Ç–µ–ª—è –æ—Ç–¥–µ–ª–∞ –º–∞—Ä–∫–µ—Ç–∏–Ω–≥–∞–£–≤–∞–∂–∞–µ–º—ã–µ —Å–æ...,no_info,https://www.work.ua/ru/jobs/4694936/
3910784,Poster,Middle PHP Developer,no_info,no_info,–î–Ω–µ–ø—Ä,"–í Poster –º—ã –¥–µ–ª–∞–µ–º —Å–∏—Å—Ç–µ–º—É –∞–≤—Ç–æ–º–∞—Ç–∏–∑–∞—Ü–∏–∏ –¥–ª—è –∫–∞—Ñ–µ, —Ä–µ—Å—Ç–æ—Ä–∞–Ω–æ–≤, –º–∞–≥–∞–∑–∏–Ω...",http://joinposter.com,https://www.work.ua/ru/jobs/3910784/
4071821,One Group,–í–æ–¥–∏—Ç–µ–ª—å —Å–æ —Å–≤–æ–∏–º –∞–≤—Ç–æ (—É–Ω–∏–≤–µ—Ä—Å–∞–ª),no_info,18000,–ö–∏–µ–≤,–î–µ–ª–æ–≤—ã–µ –∏ –ª–∏—á–Ω–æ—Å—Ç–Ω—ã–µ –∫–∞—á–µ—Å—Ç–≤–∞:–£–º–µ–Ω–∏–µ —Ä–∞–±–æ—Ç–∞—Ç—å –≤ —Ä–µ–∂–∏–º–µ –º–Ω–æ–≥–æ–∑–∞–¥–∞—á–Ω–æ—Å—Ç–∏...,http://onegroup.ua,https://www.work.ua/ru/jobs/4071821/
3910789,Poster,Middle JavaScript Developer,no_info,no_info,–ö–∏–µ–≤,"–í Poster –º—ã –¥–µ–ª–∞–µ–º —Å–∏—Å—Ç–µ–º—É –∞–≤—Ç–æ–º–∞—Ç–∏–∑–∞—Ü–∏–∏ –¥–ª—è –∫–∞—Ñ–µ, —Ä–µ—Å—Ç–æ—Ä–∞–Ω–æ–≤, –º–∞–≥–∞–∑–∏–Ω...",http://joinposter.com,https://www.work.ua/ru/jobs/3910789/
4012176,–£–∫—Ä–°—É—à–∫–∞,"–°–≤–∞—Ä—â–∏–∫ (–∞—Ä–≥–æ–Ω), —Å–ª–µ—Å–∞—Ä—å, —Å–±–æ—Ä—â–∏–∫",24000,30000,–î–Ω–µ–ø—Ä,"–ï—Å–ª–∏ –≤—ã —Å—á–∏—Ç–∞–µ—Ç–µ —Å–µ–±—è —Ö–æ—Ä–æ—à–∏–º —Å–ø–µ—Ü–∏–∞–ª–∏—Å—Ç–æ–º, –ø—Ä–∏–≥–ª–∞—à–∞–µ–º –≤–∞—Å –Ω–∞ –Ω–∞—à–µ –ø—Ä–µ...",http://ik-sushka.com,https://www.work.ua/ru/jobs/4012176/
4694927,DiJust,Game Mathematician,no_info,no_info,–ö–∏–µ–≤,"DiJust –∏—â–µ—Ç —ç–∫—Å–ø–µ—Ä—Ç–∞ –≤ –º–∞—Ç–µ–º–∞—Ç–∏–∫–µ, —É –∫–æ—Ç–æ—Ä–æ–≥–æ –µ—Å—Ç—å –æ–≥—Ä–æ–º–Ω—ã–π –∏–Ω—Ç–µ—Ä–µ—Å –∫ ...",http://dijust.com,https://www.work.ua/ru/jobs/4694927/
3136692,A-Shop,"–ü–æ–º—ñ—á–Ω–∏–∫ –ø—Ä–æ–¥–∞–≤—Ü—è-–∫–æ–Ω—Å—É–ª—å—Ç–∞–Ω—Ç–∞ (–¢–†–¶ ""–ú–æ—Å...",no_info,no_info,"–î–Ω–µ–ø—Ä, –≤—É–ª–∏—Ü—è –ì–ª—ñ–Ω–∫–∏, 2.",–†–æ–±–æ—Ç–∞ —É –≤–∏—Ö—ñ–¥–Ω—ñ. –¢–∏ —Å—Ç—É–¥–µ–Ω—Ç —ñ —Ö–æ—á–µ—à—å –ø–æ—á–∞—Ç–∏ –ø—Ä–∞—Ü—é–≤–∞—Ç–∏? –¢–æ–¥—ñ —Ü—è –≤–∞–∫–∞–Ω—Å...,http://www.a-shop.ua,https://www.work.ua/ru/jobs/3136692/
4236607,"Non-Stop, taxi","–í–æ–¥–∏—Ç–µ–ª—å —Ç–∞–∫—Å–∏ –Ω–∞ –∞–≤—Ç–æ –∫–æ–º–ø–∞–Ω–∏–∏ (Uklon, ...",20000,30000,"–ö–∏–µ–≤, –≤—É–ª–∏—Ü—è –õ—ñ—Å–∫—ñ–≤—Å—å–∫–∞, 23.","NON STOP TAXI ‚Äî –æ—Ñ–∏—Ü–∏–∞–ª—å–Ω—ã–π –ø–∞—Ä—Ç–Ω–µ—Ä Uber, Bolt, Uklon, –≤—Ö–æ–¥–∏–º –≤ –¢–û–ü-5 ...",no_info,https://www.work.ua/ru/jobs/4236607/
4692871,Ledos,"–ú–∞—Å—Ç–µ—Ä —Ä—É—á–Ω–æ–π —Ä–∞–±–æ—Ç—ã, —Å–±–æ—Ä—â–∏–∫ –ø—Ä–æ–¥—É–∫—Ü–∏–∏ ...",12000,16000,"–ö–∏–µ–≤, –≤—É–ª–∏—Ü—è –°—ñ–º'—ó –°–æ—Å–Ω—ñ–Ω–∏—Ö, 7.",üåç –í —Å–≤—è–∑–∏ —Å —Ä–∞—Å—à–∏—Ä–µ–Ω–∏–µ–º –∏ –≤—ã—Ö–æ–¥–æ–º –Ω–∞ –º–µ–∂–¥—É–Ω–∞—Ä–æ–¥–Ω—ã–π —Ä—ã–Ω–æ–∫ –ø—Ä–µ–¥–ª–∞–≥–∞–µ–º –ø—Ä...,http://ledos.com.ua,https://www.work.ua/ru/jobs/4692871/
2900663,"–¢–æ–ø-–¢–µ–∫—Å, –û–û–û",–ö–æ–º–ø–ª–µ–∫—Ç–æ–≤—â–∏–∫,no_info,12500,–ö–∏–µ–≤,–û–û–û ¬´–¢–û–ü-–¢–ï–ö–°¬ª ‚Äî –æ–¥–Ω–∞ –∏–∑ –∫—Ä—É–ø–Ω—ã—Ö –∫–æ–º–ø–∞–Ω–∏–π –£–∫—Ä–∞–∏–Ω—ã –ø–æ –ø—Ä–æ–∏–∑–≤–æ–¥—Å—Ç–≤—É –∏ —Ä–µ...,http://www.tornado.kiev.ua,https://www.work.ua/ru/jobs/2900663/
4424181,Smart Solutions UK,–°–ø–µ—Ü–∏–∞–ª–∏—Å—Ç –æ—Ç–¥–µ–ª–∞ –ø—Ä–æ–¥–∞–∂ —Å–æ –∑–Ω–∞–Ω–∏–µ–º –ø–æ–ª—å...,28500,45700,–û–¥–µ—Å—Å–∞,–ü—Ä–∏–≤–µ—Ç! –ú–µ–Ω—è –∑–æ–≤—É—Ç –í–∞–ª–µ—Ä–∏—è –∏ —è ‚Äî –º–µ–Ω–µ–¥–∂–µ—Ä –ø–æ –ø–æ–¥–±–æ—Ä—É –ø–µ—Ä—Å–æ–Ω–∞–ª–∞ üòä–•–æ—á—É –¥...,no_info,https://www.work.ua/ru/jobs/4424181/
4691223,"–ì—Ä–µ—á–∏—à–∫—ñ–Ω –û.–í., –§–û–ü",–ü—Ä–æ–¥–∞–≤–µ—Ü –≤ –∑–æ–æ–º–∞–≥–∞–∑–∏–Ω,14000,18000,"–ö–∏–µ–≤, –≤—É–ª–∏—Ü—è –£—Ä–ª—ñ–≤—Å—å–∫–∞, 4.",–í–∏–º–æ–≥–∏: –í –∑–æ–æ–º–∞–≥–∞–∑–∏–Ω –ø–æ—Ç—Ä—ñ–±–µ–Ω –ø—Ä–æ–¥–∞–≤–µ—Ü—å-–∫–æ–Ω—Å—É–ª—å—Ç–∞–Ω—Ç –≤—ñ–¥ 21‚àí35 —Ä–æ–∫—É.–ù–∞ ...,no_info,https://www.work.ua/ru/jobs/4691223/
4539001,"–û–ù –ö–ª—ñ–Ω—ñ–∫, –º–µ—Ä–µ–∂–∞ –º–µ–¥–∏—á–Ω–∏—Ö —Ü–µ–Ω—Ç—Ä—ñ–≤",Middle SEO Specialist,no_info,no_info,"–•–∞—Ä—å–∫–æ–≤, –≤—É–ª–∏—Ü—è –õ–∏–ø–æ–≤–∞, 14.","–ö–æ–º–ø–∞–Ω—ñ—è ¬´–û–ù –ö–ª—ñ–Ω—ñ–∫¬ª ‚Äî —Ü–µ –≤—Å–µ—É–∫—Ä–∞—ó–Ω—Å—å–∫–∞ –º–µ—Ä–µ–∂–∞ –º–µ–¥–∏—á–Ω–∏—Ö —Ü–µ–Ω—Ç—Ä—ñ–≤, –∫–ª—ñ–Ω—ñ...",http://www.onclinic.ua,https://www.work.ua/ru/jobs/4539001/
4532155,–ê–∫—Å—ñ–∫–æ—Ä,–Ü–Ω–∂–µ–Ω–µ—Ä –í–¢–í,no_info,25000,"–ö–∏–µ–≤, –±—É–ª—å–≤–∞—Ä –í–∞—Ü–ª–∞–≤–∞ –ì–∞–≤–µ–ª–∞, 16–ê.",–ö–æ–º–ø–∞–Ω—ñ—è ¬´Axicore¬ª ‚Äî –ø—Ä–æ–≤—ñ–¥–Ω–∏–π —Å–∏—Å—Ç–µ–º–Ω–∏–π —ñ–Ω—Ç–µ–≥—Ä–∞—Ç–æ—Ä –¥–ª—è –∫–æ—Ä–ø–æ—Ä–∞—Ç–∏–≤–Ω–æ–≥–æ...,http://axicore.com.ua,https://www.work.ua/ru/jobs/4532155/
3905830,–ê–∫—Å—ñ–∫–æ—Ä,"–ú–æ–Ω—Ç–∞–∂–Ω–∏–∫ —Å–∏—Å—Ç–µ–º –±–µ–∑–ø–µ–∫–∏, –≤—ñ–¥–µ–æ—Å–ø–æ—Å—Ç–µ—Ä–µ–∂...",18000,25000,"–ö–∏–µ–≤, –±—É–ª—å–≤–∞—Ä –í–∞—Ü–ª–∞–≤–∞ –ì–∞–≤–µ–ª–∞, 16–ê.",–ö–æ–º–ø–∞–Ω—ñ—è ¬´Axicore¬ª ‚Äî –ø—Ä–æ–≤—ñ–¥–Ω–∏–π —Å–∏—Å—Ç–µ–º–Ω–∏–π —ñ–Ω—Ç–µ–≥—Ä–∞—Ç–æ—Ä –¥–ª—è –∫–æ—Ä–ø–æ—Ä–∞—Ç–∏–≤–Ω–æ–≥–æ...,http://axicore.com.ua,https://www.work.ua/ru/jobs/3905830/
4673044,–ê–∫—Å—ñ–∫–æ—Ä,–ì–æ–ª–æ–≤–Ω–∏–π —ñ–Ω–∂–µ–Ω–µ—Ä –ø—Ä–æ—î–∫—Ç—É,no_info,no_info,"–ö–∏–µ–≤, –±—É–ª—å–≤–∞—Ä –í–∞—Ü–ª–∞–≤–∞ –ì–∞–≤–µ–ª–∞, 16–ê.",–ö–æ–º–ø–∞–Ω—ñ—è ¬´–ê–∫—Å—ñ–∫–æ—Ä¬ª ‚Äî –ø—Ä–æ–≤—ñ–¥–Ω–∏–π —Å–∏—Å—Ç–µ–º–Ω–∏–π —ñ–Ω—Ç–µ–≥—Ä–∞—Ç–æ—Ä –¥–ª—è –∫–æ—Ä–ø–æ—Ä–∞—Ç–∏–≤–Ω–æ–≥–æ...,http://axicore.com.ua,https://www.work.ua/ru/jobs/4673044/
3905825,–ê–∫—Å—ñ–∫–æ—Ä,–Ü–Ω–∂–µ–Ω–µ—Ä-–ø—Ä–æ—î–∫—Ç—É–≤–∞–ª—å–Ω–∏–∫ —Ç–µ–ª–µ–∫–æ–º—É–Ω—ñ–∫–∞—Ü—ñ–π–Ω–∏...,no_info,no_info,"–ö–∏–µ–≤, –±—É–ª—å–≤–∞—Ä –í–∞—Ü–ª–∞–≤–∞ –ì–∞–≤–µ–ª–∞, 16–ê.",–ö–æ–º–ø–∞–Ω—ñ—è ¬´Axicore¬ª ‚Äî –ø—Ä–æ–≤—ñ–¥–Ω–∏–π —Å–∏—Å—Ç–µ–º–Ω–∏–π —ñ–Ω—Ç–µ–≥—Ä–∞—Ç–æ—Ä –¥–ª—è –∫–æ—Ä–ø–æ—Ä–∞—Ç–∏–≤–Ω–æ–≥–æ...,http://axicore.com.ua,https://www.work.ua/ru/jobs/3905825/
4694860,–≠–Ω–µ—Ä–¥–∂–∏ –¢—Ä–µ–π–¥ –ì—Ä—É–ø–ø,–ë—É—Ö–≥–∞–ª—Ç–µ—Ä,no_info,14000,–ö–∏–µ–≤,"–í–∏–º–æ–≥–∏: –≤–∏—â–∞ –æ—Å–≤—ñ—Ç–∞ (—Ñ—ñ–Ω–∞–Ω—Å–∏, –±—É—Ö–≥–∞–ª—Ç–µ—Ä—Å—å–∫–∏–π –æ–±–ª—ñ–∫)–¥–æ—Å–≤—ñ–¥ —Ä–æ–±–æ—Ç–∏ –Ω–∞ –∞–Ω...",http://etg.com.ua/,https://www.work.ua/ru/jobs/4694860/
4694859,Urban Planet,–û–ø–µ—Ä–∞—Ç–æ—Ä —ñ–Ω—Ç–µ—Ä–Ω–µ—Ç-–º–∞–≥–∞–∑–∏–Ω–∞,no_info,8000,–†–æ–≤–Ω–æ,"–í–∏–º–æ–≥–∏:–≥—Ä–∞–º–æ—Ç–Ω–∞ –º–æ–≤–∞, —á—ñ—Ç–∫–∞ –¥–∏–∫—Ü—ñ—è;–≤—ñ–ª—å–Ω–µ –≤–æ–ª–æ–¥—ñ–Ω–Ω—è —É–∫—Ä–∞—ó–Ω—Å—å–∫–æ—é —Ç–∞ —Ä–æ—Å...",http://urbanplanet-streetwear.com/,https://www.work.ua/ru/jobs/4694859/
4590092,Columb Trade,–ú–µ–Ω–µ–¥–∂–µ—Ä –∑ –ø—Ä–æ–¥–∞–∂—É –∞–≤—Ç–æ –∑ –°–®–ê –∑—ñ –∑–Ω–∞–Ω–Ω—è–º...,no_info,50000,–ö–∏–µ–≤,"–ü—Ä–æ–≤—ñ–¥–Ω–∞ –º—ñ–∂–Ω–∞—Ä–æ–¥–Ω–∞ –∫–æ–º–ø–∞–Ω—ñ—è –∑ –¥–æ—Å—Ç–∞–≤–∫–∏ –∞–≤—Ç–æ –∑ –°–®–ê COLUMB TRADE, –æ—Ñ—ñ—Ü—ñ...",http://columbauto.com.ua,https://www.work.ua/ru/jobs/4590092/
4372300,"–ë–∏–Ω–æ—Ç–µ–ª, –û–û–û",–ú–µ–Ω–µ–¥–∂–µ—Ä –ø–æ –ø—Ä–æ–¥–∞–∂–∞–º,17000,30000,"–ö–∏–µ–≤, –≤—É–ª–∏—Ü—è –ó–¥–æ–ª–±—É–Ω—ñ–≤—Å—å–∫–∞, 7–î.","–ö—Ç–æ –º—ã?–ú—ã IT-–∫–æ–º–ø–∞–Ω–∏—è, –∫–æ—Ç–æ—Ä–∞—è –ø—Ä–µ–¥–æ—Å—Ç–∞–≤–ª—è–µ—Ç —É—Å–ª—É–≥–∏ –±–∏–∑–Ω–µ—Å —Ç–µ–ª–µ—Ñ–æ–Ω–∏–∏, ...",http://binotel.ua,https://www.work.ua/ru/jobs/4372300/
